,best_bid_amount,best_ask_amount,bid_iv,ask_iv,underlying_index,underlying_price,mark_iv,interest_rate,best_bid_price,best_ask_price,open_interest,max_price,min_price,last_price,asks,bids,settlement_price,instrument_name,mark_price,index_price,change_id,timestamp,greeks.rho,greeks.theta,greeks.vega,greeks.gamma,greeks.delta,stats.volume_usd,stats.volume,stats.price_change,stats.low,stats.high,settlement_period,Expiration Date,Strike Price,Expiration_Date,Time to Expiration,Implied Volatility,SMA Volatility,BS Price,BS Price_1,Market Price,Theoretical Price,BS Price QuantLib
0,1.1,3.3,0.0,500.34,BTC-28JUN24,44651.03,95.9,0.0,0.0001,0.95,75.9,1.0,0.277,0.761,"[[0.95, 3.3]]","[[0.0001, 1.1]]",0.77667083,BTC-28JUN24-10000-C,0.7766,43036.67,20963043147,1706969537935,39.32439,-0.79396,2.41324,0.0,0.99722,0.0,0.0,,,,month,2024-06-28,10000,2024-06-28,0.14520547945205478,2.5017,1.274185,35138.76680290682,34682.81896029077,0.761,34680.028967419654,35158.97104579412
1,25.0,23.0,85.14,107.62,BTC-28JUN24,44651.03,95.9,0.0,0.0002,0.0015,282.8,0.5005,0.0001,0.0009,"[[0.0015, 23.0], [0.0016, 20.9], [0.0145, 2.0]]","[[0.0002, 25.0], [0.0001, 435.0]]",0.00060545,BTC-28JUN24-10000-P,0.0006,43036.67,20963045652,1706969537935,-0.60483,-0.79396,2.41324,0.0,-0.00278,0.0,0.0,,,,month,2024-06-28,10000,2024-06-28,0.14520547945205478,0.9638,1.2176733333333334,34680.066748813406,34681.607231805065,0.0009,34680.028967419654,0.04518299664305723
2,1.0,2.2,0.0,500.17,BTC-28JUN24,44651.7,75.02,0.0,0.0001,0.9365,137.5,1.0,0.1655,0.66,"[[0.9365, 2.2]]","[[0.0001, 1.0]]",0.66488057,BTC-28JUN24-15000-C,0.665,43036.74,20963040931,1706969539948,58.72525,-1.15666,4.49384,0.0,0.99443,0.0,0.0,,,,month,2024-06-28,15000,2024-06-28,0.14520547945205478,2.5008500000000002,1.2853233333333334,31120.50718509325,29750.117059663327,0.66,29695.198454944708,31163.95599761932
3,1.0,18.0,70.59,79.47,BTC-28JUN24,44651.7,75.02,0.0,0.0006,0.0015,188.8,0.5005,0.0001,0.0013,"[[0.0015, 18.0], [0.0016, 8.1]]","[[0.0006, 1.0], [0.0004, 150.0], [0.0001, 203.0]]",0.00078251,BTC-28JUN24-15000-P,0.001,43036.74,20963046428,1706969539948,-1.16858,-1.15666,4.49384,0.0,-0.00557,49.35,0.9,0.0,0.0013,0.0013,month,2024-06-28,15000,2024-06-28,0.14520547945205478,0.7503,1.221818333333333,29695.310239583974,29732.467231179086,0.0013,29695.198454944708,0.13116353254203458
4,4.2,1.7,0.0,499.49,BTC-28JUN24,44651.7,65.96,0.0,0.552,0.925,373.9,1.0,0.055,0.5385,"[[0.925, 1.7]]","[[0.552, 4.2], [0.5, 0.2], [0.0001, 1.0]]",0.55491964,BTC-28JUN24-20000-C,0.5549,43036.74,20963042452,1706969539948,76.43686,-2.60559,11.51434,0.0,0.98363,0.0,0.0,,,,month,2024-06-28,20000,2024-06-28,0.14520547945205478,2.49745,1.2892383333333333,27644.11353135055,25012.14608601081,0.5385,24709.712136368023,27711.324926931837
5,57.0,38.0,50.47,73.0,BTC-28JUN24,44652.48,65.96,0.0,0.0004,0.005,220.6,0.5025,0.0001,0.0034,"[[0.005, 38.0], [0.0055, 1.0], [4.0, 30.0]]","[[0.0004, 57.0], [0.0002, 5.0], [0.0001, 16.0]]",0.00278889,BTC-28JUN24-20000-P,0.0028,43036.73,20963045330,1706969540954,-3.42128,-2.6054,11.51351,0.0,-0.01636,0.0,0.0,,,,month,2024-06-28,20000,2024-06-28,0.14520547945205478,0.61735,1.22131,24711.023097646063,24940.521813947882,0.0034,24710.492130445426,0.6224326925848948
6,13.2,1.5,0.0,499.58,BTC-28JUN24,44652.48,60.01,0.0,0.507,0.921,178.6,1.0,0.0105,0.4925,"[[0.921, 1.5]]","[[0.507, 13.2], [0.4, 25.0], [0.0001, 1.0]]",0.51126296,BTC-28JUN24-22000-C,0.5105,43036.73,20963044885,1706969540955,83.73629,-2.7981,13.59061,0.0,0.98012,0.0,0.0,,,,month,2024-06-28,22000,2024-06-28,0.14520547945205478,2.4979,1.2886566666666668,26398.733026445938,23212.656586015855,0.4925,22716.413264155715,26474.972574108284
7,36.0,2.0,54.75,63.96,BTC-28JUN24,44652.47,60.01,0.0,0.0018,0.0045,228.6,0.503,0.0001,0.005,"[[0.0045, 2.0], [0.0046, 0.1], [0.035, 2.0], [0.313, 20.0]]","[[0.0018, 36.0]]",0.00391914,BTC-28JUN24-22000-P,0.0032,43036.73,20963046159,1706969540956,-4.10801,-2.7981,13.59063,0.0,-0.01988,0.0,0.0,,,,month,2024-06-28,22000,2024-06-28,0.14520547945205478,0.59355,1.225235,22717.879121512982,23115.169069635784,0.005,22716.40326480751,1.8076305550061342
8,16.0,1.4,0.0,499.27,BTC-28JUN24,44652.47,60.01,0.0,0.4625,0.917,136.4,0.968,0.0001,0.4485,"[[0.917, 1.4]]","[[0.4625, 16.0], [0.005, 99.9], [0.0001, 1.0]]",0.46840153,BTC-28JUN24-24000-C,0.4684,43036.98,20963042834,1706969541962,88.7519,-4.36857,21.21853,0.0,0.96614,0.0,0.0,,,,month,2024-06-28,24000,2024-06-28,0.14520547945205478,2.49635,1.3084466666666665,25219.06833282501,21527.51273952892,0.4485,20722.93926478025,25303.79298128587
9,18.0,18.0,41.74,74.09,BTC-28JUN24,44652.47,60.01,0.0,0.0006,0.0145,260.7,0.5055,0.0001,0.007,"[[0.0145, 18.0], [0.015, 18.0]]","[[0.0006, 18.0], [0.0005, 18.0], [0.0002, 10.0], [0.0001, 10.0]]",0.00584463,BTC-28JUN24-24000-P,0.0058,43036.98,20963045259,1706969541964,-7.07824,-4.36857,21.21853,0.0,-0.03386,0.0,0.0,,,,month,2024-06-28,24000,2024-06-28,0.14520547945205478,0.57915,1.3277516666666667,20727.064621230555,21570.50279236236,0.007,20722.93926478025,5.505990947222015
10,18.7,12.5,49.49,347.3,BTC-28JUN24,44652.47,58.23,0.0,0.443,0.8,152.9,0.9465,0.0001,0.427,"[[0.8, 12.5], [0.9155, 1.4]]","[[0.443, 18.7], [0.26, 1.0], [0.2225, 1.0], [0.0001, 1.0]]",0.44662323,BTC-28JUN24-25000-C,0.4468,43036.98,20963046312,1706969541963,91.64632,-4.77634,23.90793,1e-05,0.96082,0.0,0.0,,,,month,2024-06-28,25000,2024-06-28,0.14520547945205478,1.98395,1.377685,22784.827956953246,20875.990974650962,0.427,19726.92482723806,22851.197212612988
11,36.0,18.0,44.06,71.31,BTC-28JUN24,44653.06,58.23,0.0,0.0014,0.0155,131.8,0.5065,0.0001,0.008,"[[0.0155, 18.0], [0.016, 18.0]]","[[0.0014, 36.0], [0.0001, 1.0]]",0.00645979,BTC-28JUN24-25000-P,0.0067,43037.65,20963045388,1706969542969,-8.1762,-4.7761,23.90674,1e-05,-0.03918,5454.87,16.0,0.0,0.008,0.008,month,2024-06-28,25000,2024-06-28,0.14520547945205478,0.57685,1.30893,19734.597307361248,20700.1314434234,0.008,19727.514353561008,9.869857989790082
12,19.1,1.3,44.67,499.56,BTC-28JUN24,44653.06,57.42,0.0,0.42,0.9135,172.8,0.9255,0.0001,0.425,"[[0.9135, 1.3]]","[[0.42, 19.1], [0.4, 23.7], [0.0002, 1000.0], [0.0001, 1.0]]",0.4257392,BTC-28JUN24-26000-C,0.4259,43037.65,20963042059,1706969542971,93.92625,-5.48167,27.82494,1e-05,0.95273,0.0,0.0,,,,month,2024-06-28,26000,2024-06-28,0.14520547945205478,2.72115,1.3831783333333334,24998.02105072476,20103.838624246742,0.425,18732.554761847132,25099.427898931113
13,17.0,17.0,54.54,70.81,BTC-28JUN24,44653.73,57.42,0.0,0.0065,0.0185,302.2,0.508,0.0001,0.01,"[[0.0185, 17.0], [0.155, 2.0]]","[[0.0065, 17.0], [0.0055, 17.0], [0.0001, 1.0]]",0.00796923,BTC-28JUN24-26000-P,0.0082,43037.98,20963044079,1706969543977,-9.889,-5.48137,27.82343,1e-05,-0.04727,0.0,0.0,,,,month,2024-06-28,26000,2024-06-28,0.14520547945205478,0.6267499999999999,1.3137266666666667,18760.788930301467,19905.941082425714,0.01,18733.223694180862,33.95710299671291
14,8.0,16.0,47.43,81.79,BTC-28JUN24,44653.73,56.04,0.0,0.379,0.413,216.6,0.885,0.0001,0.363,"[[0.413, 16.0]]","[[0.379, 8.0], [0.376, 1.0], [0.3755, 1.0], [0.17, 1.0], [0.005, 50.0], [0.0001, 1.0]]",0.38420234,BTC-28JUN24-28000-C,0.3851,43037.98,20963046316,1706969543977,97.6103,-7.07765,36.814,1e-05,0.93256,0.0,0.0,,,,month,2024-06-28,28000,2024-06-28,0.14520547945205478,0.6461,1.3185499999999999,16828.60615693559,18373.73636494992,0.363,16749.893632240484,16835.405840454056
15,1.1,17.0,53.31,58.78,BTC-28JUN24,44653.73,56.04,0.0,0.01,0.0145,235.9,0.512,0.0001,0.0115,"[[0.0145, 17.0], [0.0165, 3.0], [0.0695, 2.0], [0.601, 1.9]]","[[0.01, 1.1], [0.0001, 18.0]]",0.01121929,BTC-28JUN24-28000-P,0.0122,43037.98,20963045569,1706969543976,-14.19153,-7.07765,36.814,1e-05,-0.06744,0.0,0.0,,,,month,2024-06-28,28000,2024-06-28,0.14520547945205478,0.56045,1.2472533333333333,16771.708745818964,18139.662880005635,0.0115,16749.893632240484,39.312053027450666
16,8.0,8.0,50.62,79.18,BTC-28JUN24,44654.31,53.04,0.0,0.3415,0.377,710.6,0.8435,0.0001,0.3225,"[[0.377, 8.0], [0.9, 2.0]]","[[0.3415, 8.0], [0.341, 8.0], [0.339, 8.0], [0.005, 48.1]]",0.34415477,BTC-28JUN24-30000-C,0.3439,43038.29,20963046318,1706969544983,101.33458,-8.18612,44.98838,1e-05,0.91219,0.0,0.0,,,,month,2024-06-28,30000,2024-06-28,0.14520547945205478,0.649,1.2519683333333336,14940.502895842063,16661.119899210247,0.3225,14785.831848662849,14951.18383589289
17,16.0,2.0,50.8,54.32,BTC-28JUN24,44654.31,53.04,0.0,0.0135,0.017,393.2,0.5155,0.0001,0.021,"[[0.017, 2.0], [0.0175, 0.1], [0.018, 3.0], [0.0405, 1.0], [0.0525, 1.0]]","[[0.0135, 16.0], [0.01, 1.0], [0.005, 100.0], [0.0001, 4.0]]",0.01595865,BTC-28JUN24-30000-P,0.0157,43038.29,20963043414,1706969544984,-18.45309,-8.18612,44.98838,1e-05,-0.08781,0.0,0.0,,,,month,2024-06-28,30000,2024-06-28,0.14520547945205478,0.5256000000000001,1.1788666666666667,14803.140260692271,16389.212009018505,0.021,14785.831848662849,65.54269147649887
18,8.0,8.0,48.5,76.53,BTC-28JUN24,44654.31,53.04,0.0,0.3015,0.342,459.2,0.807,0.0001,0.285,"[[0.342, 8.0], [0.43, 2.0], [0.47, 1.0]]","[[0.3015, 8.0], [0.301, 8.0], [0.005, 91.9], [0.0001, 1.0]]",0.30613854,BTC-28JUN24-32000-C,0.3071,43038.29,20963046200,1706969544984,101.68015,-10.43021,57.32121,1e-05,0.87734,0.0,0.0,,,,month,2024-06-28,32000,2024-06-28,0.14520547945205478,0.62515,1.1824066666666666,13067.323448237494,14960.787334518373,0.285,12859.028707617596,13081.37060060325
19,1.0,15.0,50.9,55.19,BTC-28JUN24,44654.31,53.04,0.0,0.021,0.0265,237.1,0.5235,0.0001,0.0245,"[[0.0265, 15.0], [0.027, 15.0]]","[[0.021, 1.0], [0.02, 15.0], [0.016, 3.0], [0.0001, 2.0]]",0.02272934,BTC-28JUN24-32000-P,0.0237,43038.29,20963046529,1706969544983,-26.09336,-10.43021,57.32121,1e-05,-0.12266,7318.33,7.0,0.0,0.0245,0.0245,month,2024-06-28,32000,2024-06-28,0.14520547945205478,0.53045,1.109615,12899.189898246692,14657.570203259304,0.0245,12859.028707617596,159.20409143849898
20,8.0,16.0,49.33,74.65,BTC-28JUN24,44654.31,51.69,0.0,0.267,0.3095,806.9,0.7705,0.0001,0.251,"[[0.3095, 16.0], [1.0, 5.0]]","[[0.267, 8.0], [0.265, 8.0], [0.0001, 1.0]]",0.27036861,BTC-28JUN24-34000-C,0.2706,43038.29,20963046465,1706969544983,101.67724,-12.13458,68.42406,2e-05,0.84082,0.0,0.0,,,,month,2024-06-28,34000,2024-06-28,0.14520547945205478,0.6199,1.1127233333333335,11302.667816668727,13285.735895867569,0.251,10997.579530497867,11321.674994649995
21,1.1,6.0,50.4,53.01,BTC-28JUN24,44654.31,51.69,0.0,0.03,0.034,178.3,0.5315,0.0001,0.0325,"[[0.034, 6.0], [0.0345, 14.0], [0.0355, 6.0]]","[[0.03, 1.1], [0.029, 14.0], [0.0285, 20.0], [0.01, 1.0], [0.0001, 1.0]]",0.03174633,BTC-28JUN24-34000-P,0.032,43038.29,20963046150,1706969544983,-34.08212,-12.13458,68.42406,2e-05,-0.15918,32188.92,23.0,1.5625,0.032,0.0325,month,2024-06-28,34000,2024-06-28,0.14520547945205478,0.51705,1.0408233333333332,11034.112085514018,12953.428464731263,0.0325,10997.579530497867,291.8707711960221
22,16.0,16.0,48.26,73.82,BTC-28JUN24,44654.84,51.24,0.0,0.2485,0.294,124.4,0.753,0.0001,0.233,"[[0.294, 16.0]]","[[0.2485, 16.0], [0.248, 8.0]]",0.25346668,BTC-28JUN24-35000-C,0.2534,43038.35,20963046354,1706969546997,100.98309,-13.02792,74.11321,2e-05,0.81972,0.0,0.0,,,,month,2024-06-28,35000,2024-06-28,0.14520547945205478,0.6103999999999999,1.0423033333333334,10435.087088507997,12285.93628073547,0.233,10102.178145176931,10456.247792094631
23,10.0,12.0,49.32,52.64,BTC-28JUN24,44654.84,51.24,0.0,0.034,0.0395,125.6,0.537,0.0001,0.0375,"[[0.0395, 12.0], [0.04, 13.0], [0.041, 19.0], [0.0445, 1.0], [0.048, 1.0]]","[[0.034, 10.0], [0.0335, 13.0], [0.03, 20.0], [0.005, 87.5], [0.0005, 100.0], [0.0002, 1000.0], [0.0001, 1.0]]",0.03723787,BTC-28JUN24-35000-P,0.0372,43038.35,20963044078,1706969546997,-38.76919,-13.02792,74.11321,2e-05,-0.18028,3238.28,2.0,0.0,0.0375,0.0375,month,2024-06-28,35000,2024-06-28,0.14520547945205478,0.5098,0.9760533333333333,10127.937772218258,11968.194884381552,0.0375,10102.178145176931,384.24264017073455
24,8.0,16.0,47.83,73.31,BTC-28JUN24,44654.84,51.24,0.0,0.2315,0.2795,501.2,0.7375,0.0001,0.28,"[[0.2795, 16.0]]","[[0.2315, 8.0], [0.0001, 2.0]]",0.23758573,BTC-28JUN24-36000-C,0.2375,43038.35,20963046315,1706969546998,99.57308,-14.05337,79.94682,2e-05,0.79597,192385.33,16.0,0.1789,0.2795,0.28,month,2024-06-28,36000,2024-06-28,0.14520547945205478,0.6057,0.9962433333333335,9608.055586749699,11402.55986583827,0.28,9235.354039740789,9631.68878657398
25,6.0,18.0,49.15,53.34,BTC-28JUN24,44654.9,51.24,0.0,0.04,0.0475,100.4,0.5435,0.0001,0.0445,"[[0.0475, 18.0], [0.14, 2.0]]","[[0.04, 6.0], [0.0395, 12.0], [0.0001, 2.0]]",0.04375038,BTC-28JUN24-36000-P,0.0437,43038.35,20963044523,1706969546998,-44.17192,-14.05334,79.94665,2e-05,-0.20403,22090.91,11.5,-2.1978,0.044,0.0455,month,2024-06-28,36000,2024-06-28,0.14520547945205478,0.5124500000000001,0.97268,9275.15074592859,11283.65285375507,0.0445,9235.407604622196,531.2362196480879
26,16.0,8.0,48.83,71.9,BTC-28JUN24,44654.84,50.57,0.0,0.203,0.251,603.7,0.706,0.0001,0.187,"[[0.251, 8.0], [0.425, 1.0], [0.485, 1.0], [0.525, 2.0]]","[[0.203, 16.0], [0.201, 8.0]]",0.2072991,BTC-28JUN24-38000-C,0.2065,43038.35,20963046268,1706969546997,96.35691,-15.65735,90.25143,2e-05,0.74691,0.0,0.0,,,,month,2024-06-28,38000,2024-06-28,0.14520547945205478,0.60365,0.9928016666666667,8079.798505869541,10141.033548387615,0.187,7605.800773723953,8108.64675641986
27,6.0,6.0,49.09,52.06,BTC-28JUN24,44654.84,50.57,0.0,0.0545,0.0605,144.9,0.557,0.0001,0.059,"[[0.0605, 6.0], [0.061, 11.0], [0.062, 6.0]]","[[0.0545, 6.0], [0.0535, 24.0], [0.0001, 1.0]]",0.05825068,BTC-28JUN24-38000-P,0.0575,43038.35,20963045257,1706969546998,-55.37414,-15.65735,90.25143,2e-05,-0.25309,5300.77,2.1,1.7241,0.058,0.059,month,2024-06-28,38000,2024-06-28,0.14520547945205478,0.50575,1.00966,7630.584734027423,10235.38452246939,0.059,7605.800773723953,885.6988952244919
28,8.0,16.0,47.88,70.86,BTC-28JUN24,44654.84,50.01,0.0,0.1735,0.225,396.8,0.678,0.0001,0.2255,"[[0.225, 16.0], [0.37, 2.0]]","[[0.1735, 8.0], [0.1715, 8.0], [0.135, 1.0], [0.13, 4.0], [0.125, 1.0], [0.11, 1.0], [0.0001, 1.0]]",0.1792666,BTC-28JUN24-40000-C,0.1782,43038.35,20963045858,1706969546997,91.91147,-16.99145,99.02647,2e-05,0.69369,77543.66,8.0,0.0,0.2255,0.2255,month,2024-06-28,40000,2024-06-28,0.14520547945205478,0.5937,1.0174083333333335,6654.848179905464,9152.576089471284,0.2255,6139.212442430209,6687.669967047254
29,6.0,6.0,48.45,51.6,BTC-28JUN24,44654.84,50.01,0.0,0.0705,0.0775,188.8,0.5735,0.0001,0.076,"[[0.0775, 6.0], [0.078, 10.0], [0.079, 6.0]]","[[0.0705, 6.0], [0.0695, 10.0], [0.005, 75.0], [0.0001, 2.0]]",0.0750051,BTC-28JUN24-40000-P,0.074,43038.35,20963045886,1706969546998,-67.80543,-16.99145,99.02647,2e-05,-0.30631,33760.87,10.3,-1.2987,0.0755,0.077,month,2024-06-28,40000,2024-06-28,0.14520547945205478,0.5002500000000001,1.0340833333333335,6140.551740696152,9253.237045575825,0.076,6139.212442430209,1394.2412864202336
30,9.0,9.0,47.98,51.78,BTC-28JUN24,44654.84,50.06,0.0,0.149,0.158,110.4,0.6535,0.0001,0.1555,"[[0.158, 9.0], [0.1595, 9.0], [0.272, 1.0]]","[[0.149, 9.0], [0.12, 1.0], [0.0001, 3.0]]",0.15498165,BTC-28JUN24-42000-C,0.1539,43038.35,20963045577,1706969546997,86.23255,-18.17231,105.8107,3e-05,0.63755,0.0,0.0,,,,month,2024-06-28,42000,2024-06-28,0.14520547945205478,0.49879999999999997,0.9673200000000001,4848.645747816481,7809.511410232251,0.1555,4856.064540006464,4878.976100260682
31,6.0,6.0,48.59,51.55,BTC-28JUN24,44654.9,50.06,0.0,0.091,0.098,82.5,0.594,0.0001,0.0965,"[[0.098, 6.0], [0.0985, 9.0], [0.0995, 6.0], [0.18, 1.0]]","[[0.091, 6.0], [0.09, 6.0], [0.047, 2.0], [0.0001, 1.0]]",0.09550708,BTC-28JUN24-42000-P,0.0945,43038.35,20963045879,1706969546999,-81.46991,-18.17231,105.81069,3e-05,-0.36244,18789.85,4.5,-1.5306,0.0965,0.098,month,2024-06-28,42000,2024-06-28,0.14520547945205478,0.5007,0.9518833333333333,4860.433053663939,7711.277516208884,0.0965,4856.104572334651,2111.893385703785
32,2.0,9.0,48.55,52.2,BTC-28JUN24,44654.9,50.13,0.0,0.1285,0.1375,110.4,0.632,0.0001,0.135,"[[0.1375, 9.0], [0.233, 10.0]]","[[0.1285, 2.0], [0.128, 18.4], [0.0001, 1.0]]",0.13419654,BTC-28JUN24-44000-C,0.1324,43038.35,20963046613,1706969546999,80.02917,-18.95659,110.22934,3e-05,0.58122,29041.98,5.0,0.0,0.135,0.135,month,2024-06-28,44000,2024-06-28,0.14520547945205478,0.50375,0.8853133333333333,3790.069463988115,6328.430159665026,0.135,3765.058983228526,3822.8134987935487
33,6.0,6.0,48.82,51.46,BTC-28JUN24,44654.9,50.13,0.0,0.1145,0.121,144.9,0.6175,0.0001,0.1205,"[[0.121, 6.0], [0.1235, 14.0]]","[[0.1145, 6.0], [0.114, 8.0], [0.113, 1.4], [0.1125, 6.0], [0.0055, 25.0], [0.005, 500.0], [0.0001, 1.0]]",0.11950889,BTC-28JUN24-44000-P,0.1177,43038.35,20963046520,1706969546998,-95.65941,-18.95659,110.22934,3e-05,-0.41878,36432.26,7.0,-1.6327,0.1195,0.1225,month,2024-06-28,44000,2024-06-28,0.14520547945205478,0.5014,0.8770166666666667,3774.396242218045,6273.461780729704,0.1205,3765.058983228526,3022.0947136080285
34,2.0,18.0,49.13,52.53,BTC-28JUN24,44654.84,50.32,0.0,0.12,0.1285,163.8,0.6225,0.0001,0.124,"[[0.1285, 18.0]]","[[0.12, 2.0], [0.1185, 0.1], [0.117, 9.0]]",0.12499361,BTC-28JUN24-45000-C,0.123,43038.35,20963045882,1706969546997,76.78089,-19.25916,111.55249,3e-05,0.55361,78905.16,14.7,-0.4016,0.124,0.128,month,2024-06-28,45000,2024-06-28,0.14520547945205478,0.5083,0.8107116666666666,3347.1823802293948,5388.162637688598,0.124,3290.9805237779183,3380.607116808816
35,7.0,6.0,48.84,51.84,BTC-28JUN24,44654.84,50.32,0.0,0.127,0.1345,129.8,0.6305,0.0001,0.1325,"[[0.1345, 6.0], [0.135, 8.0], [0.1365, 6.0]]","[[0.127, 7.0], [0.1265, 6.0], [0.126, 8.0], [0.1255, 0.1], [0.085, 1.0], [0.005, 100.0]]",0.13269943,BTC-28JUN24-45000-P,0.1307,43038.35,20963046351,1706969546997,-102.90062,-19.25916,111.55249,3e-05,-0.44639,64646.78,11.3,0.0,0.1325,0.1325,month,2024-06-28,45000,2024-06-28,0.14520547945205478,0.5034000000000001,0.8069133333333334,3314.0039329495776,5362.624145569913,0.1325,3290.9805237779183,3559.326668027544
36,10.0,20.0,48.84,52.42,BTC-28JUN24,44654.9,50.64,0.0,0.11,0.119,110.9,0.6145,0.0001,0.119,"[[0.119, 20.0]]","[[0.11, 10.0], [0.109, 10.0], [0.005, 0.3], [0.0001, 1.1]]",0.11574383,BTC-28JUN24-46000-C,0.1145,43038.35,20963045878,1706969546999,73.51262,-19.51388,112.31613,3e-05,0.52681,72426.04,14.5,3.0303,0.1155,0.119,month,2024-06-28,46000,2024-06-28,0.14520547945205478,0.5063,0.7405266666666667,2905.707804996895,4495.213518402048,0.119,2862.9815408686263,2938.976755416906
37,7.0,7.0,48.6,53.17,BTC-28JUN24,44654.84,50.64,0.0,0.1395,0.151,151.0,0.6445,0.0001,0.176,"[[0.151, 7.0], [0.1515, 7.0], [0.35, 43.9]]","[[0.1395, 7.0], [0.1385, 7.0], [0.0001, 988.5]]",0.14584311,BTC-28JUN24-46000-P,0.1447,43038.35,20963046527,1706969546998,-110.16211,-19.51385,112.31601,3e-05,-0.47319,0.0,0.0,,,,month,2024-06-28,46000,2024-06-28,0.14520547945205478,0.50885,0.7377033333333334,2922.9742829363386,4476.036433505182,0.176,2862.952623851361,4165.6589069064285
38,10.0,10.0,49.75,52.14,BTC-28JUN24,44654.84,50.95,0.0,0.0955,0.1015,153.8,0.5985,0.0001,0.1,"[[0.1015, 10.0], [0.103, 10.0], [0.119, 1.0]]","[[0.0955, 10.0], [0.095, 10.0], [0.094, 10.0], [0.0935, 10.0], [0.08, 5.0], [0.06, 5.0], [0.01, 2.0]]",0.10024376,BTC-28JUN24-48000-C,0.0985,43038.35,20963045868,1706969546998,67.07897,-19.63788,112.34441,3e-05,0.47473,75804.79,17.5,-1.4778,0.1,0.1015,month,2024-06-28,48000,2024-06-28,0.14520547945205478,0.50945,0.6714733333333334,2198.834199950532,3276.8681441167464,0.1,2136.8862245292876,2231.0994093998356
39,6.0,6.0,28.39,53.96,BTC-28JUN24,44655.38,50.95,0.0,0.1175,0.181,119.4,0.673,0.0001,0.209,"[[0.181, 6.0], [0.1815, 6.0]]","[[0.1175, 6.0], [0.117, 6.0]]",0.17512996,BTC-28JUN24-48000-P,0.1734,43038.61,20963046314,1706969553039,-124.57859,-19.63582,112.34544,3e-05,-0.52528,0.0,0.0,,,,month,2024-06-28,48000,2024-06-28,0.14520547945205478,0.41174999999999995,0.6658933333333333,1566.9229187639903,3239.6217456622435,0.209,2137.099047205804,4795.110333997591
40,11.0,11.0,49.99,53.01,BTC-28JUN24,44655.38,51.5,0.0,0.0815,0.089,515.6,0.585,0.0001,0.089,"[[0.089, 11.0], [0.0905, 6.0], [0.1285, 2.0]]","[[0.0815, 11.0], [0.0805, 6.0], [0.06, 1.0], [0.03, 2.0], [0.005, 100.0], [0.0001, 1.0]]",0.0869938,BTC-28JUN24-50000-C,0.0853,43038.61,20963046028,1706969553039,60.89064,-19.55424,110.66865,3e-05,0.42675,151367.47,39.7,0.0,0.086,0.0895,month,2024-06-28,50000,2024-06-28,0.14520547945205478,0.515,0.6169283333333334,1658.3344858414675,2295.703994298605,0.089,1567.280385959075,1688.5657816706905
41,6.0,6.0,26.95,53.14,BTC-28JUN24,44655.38,51.5,0.0,0.147,0.209,99.8,0.7045,0.0001,0.241,"[[0.209, 6.0], [0.212, 6.0], [0.6, 2.0]]","[[0.147, 6.0], [0.1465, 6.0], [0.0001, 1.0]]",0.20666692,BTC-28JUN24-50000-P,0.2049,43038.61,20963046410,1706969553041,-138.75453,-19.55424,110.66865,3e-05,-0.57325,0.0,0.0,,,,month,2024-06-28,50000,2024-06-28,0.14520547945205478,0.40045000000000003,0.6110483333333333,989.6232824059698,2258.2090982051413,0.241,1567.280385959075,6207.876961412327
42,11.0,11.0,50.24,53.15,BTC-28JUN24,44655.38,51.7,0.0,0.0695,0.0765,122.4,0.5725,0.0001,0.075,"[[0.0765, 11.0], [0.0775, 11.0], [0.078, 6.0]]","[[0.0695, 11.0], [0.069, 17.0]]",0.07499348,BTC-28JUN24-52000-C,0.073,43038.61,20963043569,1706969553040,54.92431,-19.07199,107.52849,3e-05,0.38104,37622.69,11.5,-1.9608,0.0745,0.0775,month,2024-06-28,52000,2024-06-28,0.14520547945205478,0.51695,0.537575,1222.2384485813436,1336.0967985067437,0.075,1130.5592727759395,1249.3767887758095
43,3.3,0.8,41.06,499.53,BTC-28JUN24,44655.38,51.7,0.0,0.2125,1.041,113.1,0.737,0.0001,0.2785,"[[1.041, 0.8]]","[[0.2125, 3.3]]",0.23945353,BTC-28JUN24-52000-P,0.2375,43038.61,20963045889,1706969553039,-152.70666,-19.07199,107.52849,3e-05,-0.61896,0.0,0.0,,,,month,2024-06-28,52000,2024-06-28,0.14520547945205478,2.7029499999999995,0.6067816666666667,15569.344887753792,1733.7900552979881,0.2785,1130.5592727759395,22921.762192450355
44,6.0,18.0,50.84,54.07,BTC-28JUN24,44655.38,52.46,0.0,0.06,0.0675,127.8,0.5635,0.0001,0.0645,"[[0.0675, 18.0], [0.0685, 6.0]]","[[0.06, 6.0], [0.0595, 6.0], [0.0585, 12.0]]",0.06474437,BTC-28JUN24-54000-C,0.0637,43038.61,20963042777,1706969553040,49.58504,-18.64578,103.6037,2e-05,0.34183,56097.23,20.1,-3.7313,0.0645,0.067,month,2024-06-28,54000,2024-06-28,0.14520547945205478,0.52455,0.6027299999999999,918.109940897778,1314.022741847315,0.0645,803.08024993659,942.2263575943599
45,3.2,0.7,40.99,499.54,BTC-28JUN24,44655.38,52.46,0.0,0.2475,1.0835,96.7,0.773,0.0001,0.2935,"[[1.0835, 0.7]]","[[0.2475, 3.2]]",0.27399135,BTC-28JUN24-54000-P,0.273,43038.61,20963045874,1706969553040,-166.03174,-18.64578,103.6037,2e-05,-0.65817,0.0,0.0,,,,month,2024-06-28,54000,2024-06-28,0.14520547945205478,2.7026499999999998,0.6741366666666667,15071.346782054772,1706.8094644190278,0.2935,803.08024993659,24419.928340948532
46,12.0,6.0,51.45,54.31,BTC-28JUN24,44655.38,52.88,0.0,0.0565,0.063,107.3,0.5595,0.0001,0.06,"[[0.063, 6.0], [0.0635, 12.0], [0.064, 6.0]]","[[0.0565, 12.0], [0.0555, 6.0], [0.0455, 11.0], [0.025, 10.0], [0.0001, 2.0]]",0.06024127,BTC-28JUN24-55000-C,0.0597,43038.61,20963046424,1706969553040,47.12433,-18.40211,101.43363,2e-05,0.32403,36993.71,14.2,-4.0,0.06,0.0625,month,2024-06-28,55000,2024-06-28,0.14520547945205478,0.5288,0.67013,797.6527426251487,1499.5987003860082,0.06,673.1971489095495,820.2588799789753
47,3.2,0.7,40.86,499.21,BTC-28JUN24,44655.38,52.88,0.0,0.2655,1.1045,84.1,0.791,0.0001,0.313,"[[1.1045, 0.7]]","[[0.2655, 3.2], [0.005, 100.0], [0.0005, 100.0], [0.0002, 1000.0], [0.0001, 1.0]]",0.29188171,BTC-28JUN24-55000-P,0.2914,43038.61,20963046409,1706969553040,-172.48535,-18.40211,101.43363,2e-05,-0.67597,0.0,0.0,,,,month,2024-06-28,55000,2024-06-28,0.14520547945205478,2.70035,0.7426216666666666,14816.948752470355,1903.2034758910395,0.313,673.1971489095495,25163.41385492189
48,6.0,6.0,51.47,54.63,BTC-28JUN24,44655.38,53.05,0.0,0.052,0.059,85.7,0.555,0.0001,0.0555,"[[0.059, 6.0], [0.0595, 12.0], [0.06, 6.0]]","[[0.052, 6.0], [0.0515, 6.0], [0.0445, 2.0]]",0.05649205,BTC-28JUN24-56000-C,0.0555,43038.61,20963044515,1706969553039,44.64119,-18.01219,98.9618,2e-05,0.30585,0.0,0.0,,,,month,2024-06-28,56000,2024-06-28,0.14520547945205478,0.5305,0.7394666666666667,682.9148230146002,1702.155426712403,0.0555,562.3953733033986,703.8043379864281
49,3.2,0.7,40.5,499.48,BTC-28JUN24,44655.38,53.05,0.0,0.2835,1.126,105.9,0.8095,0.0001,0.3525,"[[1.126, 0.7]]","[[0.2835, 3.2]]",0.31052595,BTC-28JUN24-56000-P,0.3095,43038.61,20963045887,1706969553039,-178.9614,-18.01219,98.9618,2e-05,-0.69415,0.0,0.0,,,,month,2024-06-28,56000,2024-06-28,0.14520547945205478,2.6999,0.8117816666666666,14579.846719395839,2109.930177141374,0.3525,562.3953733033986,25924.217572436908
50,6.0,24.0,53.02,56.03,BTC-28JUN24,44655.85,54.53,0.0,0.04,0.046,335.0,0.5425,0.0001,0.0425,"[[0.046, 24.0], [0.048, 6.0], [0.059, 3.0], [0.061, 1.0], [0.063, 1.0], [0.069, 2.0], [0.073, 1.0]]","[[0.04, 6.0], [0.0385, 5.0], [0.036, 1.0], [0.031, 2.0], [0.03, 3.0], [0.025, 1.0], [0.022, 1.0], [0.011, 10.0]]",0.04299353,BTC-28JUN24-60000-C,0.043,43038.67,20963046535,1706969557068,36.32749,-16.6575,89.03876,2e-05,0.24671,3670.1,2.0,0.0,0.0425,0.0425,month,2024-06-28,60000,2024-06-28,0.14520547945205478,0.54525,0.8092933333333333,385.78249951343514,1453.111414178179,0.0425,265.4968143923529,400.99716633740803
51,4.6,0.6,41.96,499.21,BTC-28JUN24,44655.85,54.53,0.0,0.364,1.211,175.7,0.8865,0.0001,0.425,"[[1.211, 0.6]]","[[0.364, 4.6], [0.0001, 1.0]]",0.38660129,BTC-28JUN24-60000-P,0.3866,43038.67,20963046438,1706969557068,-203.24671,-16.6575,89.03876,2e-05,-0.75329,0.0,0.0,,,,month,2024-06-28,60000,2024-06-28,0.14520547945205478,2.70585,0.8822533333333332,13733.955346977862,1827.8041016438729,0.425,265.4968143923529,29069.285079968326
52,0.4,26.1,56.4,57.83,BTC-28JUN24,44656.01,57.12,0.0,0.032,0.0345,133.0,0.533,0.0001,0.031,"[[0.0345, 26.1], [0.085, 20.0], [0.092, 11.0]]","[[0.032, 0.4], [0.0315, 6.0], [0.0275, 14.0], [0.023, 1.0], [0.022, 2.0], [0.021, 1.0], [0.0001, 1.0]]",0.03174434,BTC-28JUN24-65000-C,0.0332,43038.92,20963046149,1706969558074,28.84241,-15.24576,77.79971,2e-05,0.195,21510.36,15.8,0.0,0.031,0.032,month,2024-06-28,65000,2024-06-28,0.14520547945205478,0.5711499999999999,0.8809450000000001,207.2700650336442,1204.6257395259636,0.031,97.74108462313825,217.6134490664912
53,22.4,0.5,52.1,499.44,BTC-28JUN24,44656.01,57.12,0.0,0.4805,1.318,161.4,0.9885,0.0001,0.513,"[[1.318, 0.5]]","[[0.4805, 22.4], [0.0001, 1.0]]",0.48731941,BTC-28JUN24-65000-P,0.4888,43038.92,20963046718,1706969558074,-230.69631,-15.24576,77.79971,2e-05,-0.805,0.0,0.0,,,,month,2024-06-28,65000,2024-06-28,0.14520547945205478,2.7577,0.955875,13079.668926476255,1546.9253651111467,0.513,97.74108462313825,33405.39946374506
54,3.0,15.0,56.89,59.28,BTC-28JUN24,44656.01,58.09,0.0,0.0225,0.026,172.6,0.524,0.0001,0.022,"[[0.026, 15.0], [0.054, 1.0], [0.1, 3.0], [0.6935, 3.0], [0.71, 2.5], [0.717, 1.0]]","[[0.0225, 3.0], [0.022, 0.5], [0.0205, 20.0], [0.017, 1.0], [0.015, 1.0]]",0.02273349,BTC-28JUN24-70000-C,0.0242,43038.92,20963046693,1706969558074,22.23118,-13.04717,65.4716,1e-05,0.14891,0.0,0.0,,,,month,2024-06-28,70000,2024-06-28,0.14520547945205478,0.58085,0.9550466666666666,99.5545603940202,1065.7551143754918,0.022,34.0832753575678,105.74437534075913
55,19.1,30.4,50.27,278.24,BTC-28JUN24,44656.46,58.09,0.0,0.5815,1.1,168.3,1.0915,0.092,0.621,"[[1.1, 30.4], [1.425, 0.5]]","[[0.5815, 19.1], [0.0001, 1.0]]",0.59027587,BTC-28JUN24-70000-P,0.5918,43039.05,20963046317,1706969559083,-257.27116,-13.0475,65.47359,1e-05,-0.85109,0.0,0.0,,,,month,2024-06-28,70000,2024-06-28,0.14520547945205478,1.64255,0.9927166666666666,4745.863794603536,1218.1377179906158,0.621,34.08879469953729,29979.989728601162
56,15.1,17.0,56.9,62.84,BTC-28JUN24,44656.46,59.85,0.0,0.0105,0.0165,341.0,0.513,0.0001,0.0125,"[[0.0165, 17.0], [0.051, 2.0]]","[[0.0105, 15.1], [0.0022, 2.0]]",0.01347974,BTC-28JUN24-80000-C,0.0133,43039.05,20963046838,1706969559083,13.33426,-9.25914,45.09646,1e-05,0.08809,0.0,0.0,,,,month,2024-06-28,80000,2024-06-28,0.14520547945205478,0.5987,0.9925516666666667,23.748253054526856,604.2784532489632,0.0125,3.6917556655112804,25.826435481226266
57,20.8,0.4,49.52,499.06,BTC-28JUN24,44656.33,59.85,0.0,0.7965,1.6395,161.4,1.3045,0.305,0.848,"[[1.6395, 0.4]]","[[0.7965, 20.8], [0.0001, 1.0]]",0.80495674,BTC-28JUN24-80000-P,0.8048,43039.05,20963046652,1706969559081,-306.09823,-9.25902,45.09586,1e-05,-0.91191,0.0,0.0,,,,month,2024-06-28,80000,2024-06-28,0.14520547945205478,2.7429,1.0671233333333334,10535.266667983742,826.7187169934141,0.848,3.691548807772989,45817.96818796647
58,17.3,1.5,58.0,63.3,BTC-28JUN24,44656.46,60.65,0.0,0.0055,0.009,113.8,0.507,0.0001,0.007,"[[0.009, 1.5], [0.0105, 18.0]]","[[0.0055, 17.3], [0.005, 4.0]]",0.00822952,BTC-28JUN24-90000-C,0.0071,43039.05,20963045476,1706969559083,7.7915,-6.13495,29.48339,1e-05,0.05082,0.0,0.0,,,,month,2024-06-28,90000,2024-06-28,0.14520547945205478,0.6065,1.06755,5.182808375100819,446.32793993152654,0.007,0.3629569212639998,5.782096531623183
59,16.6,0.3,43.12,499.03,BTC-28JUN24,44656.46,60.65,0.0,1.016,1.855,38.5,1.5225,0.523,1.1705,"[[1.855, 0.3]]","[[1.016, 16.6], [0.0001, 1.0]]",1.02364115,BTC-28JUN24-90000-P,1.0225,43039.05,20963046816,1706969559083,-351.5698,-6.13495,29.48339,1e-05,-0.94918,1015772.35,20.6,0.0,1.1705,1.1705,month,2024-06-28,90000,2024-06-28,0.14520547945205478,2.71075,1.141233333333333,9040.353416084889,621.6398421708059,1.1705,0.3629569212639998,54289.33009200194
60,1.0,8.5,63.71,67.32,BTC-28JUN24,44656.46,65.51,0.0,0.005,0.007,72.2,0.5055,0.0001,0.0045,"[[0.007, 8.5], [0.025, 2.0], [0.026, 1.0], [0.3, 10.0], [0.6, 5.0]]","[[0.005, 1.0], [0.0049, 0.5], [0.0035, 18.0], [0.0034, 2.0], [0.0022, 1.0]]",0.00566462,BTC-28JUN24-100000-C,0.0059,43039.05,20963046864,1706969559098,6.23133,-5.56467,24.75807,0.0,0.0409,0.0,0.0,,,,month,2024-06-28,100000,2024-06-28,0.14520547945205478,0.65515,1.1464450000000002,2.8712116491374786,370.43389091343784,0.0045,0.033994972039708915,3.2408475889907358
61,1.0,0.0,0.0,0.0,BTC-28JUN24,44656.46,65.51,0.0,0.0001,0.0,0.0,1.745,0.7455,,[],"[[0.0001, 1.0]]",1.24501087,BTC-28JUN24-100000-P,1.2453,43039.05,20963043218,1706969559084,-393.05901,-5.56467,24.75807,0.0,-0.9591,0.0,0.0,,,,month,2024-06-28,100000,2024-06-28,0.14520547945205478,0.0,1.129755,0.0,340.6824636720105,,0.033994972039708915,55048.086913277766
62,0.1,0.2,159.22,497.94,BTC-27SEP24,45423.52,82.73,0.0,0.8105,0.98,39.1,1.0,0.2815,0.9415,"[[0.98, 0.2], [0.9805, 3.4]]","[[0.8105, 0.1], [0.81, 20.0], [0.0001, 2.0]]",0.78108307,BTC-27SEP24-10000-C,0.781,43039.05,20963045164,1706969559084,63.1559,-0.85754,4.90811,0.0,0.9954,0.0,0.0,,,,month,2024-09-27,10000,2024-09-27,0.39452054794520547,3.2858,1.2224899999999999,39866.72720991127,35639.45591639502,0.9415,35502.11443708843,39894.02110044075
63,0.2,1.0,80.88,84.58,BTC-27SEP24,45423.52,82.73,0.0,0.001,0.0014,54.9,0.501,0.0001,0.0022,"[[0.0014, 1.0], [0.0015, 22.0], [0.0016, 8.9], [0.0055, 1.0], [0.007, 2.0], [0.01, 19.0], [4.0, 22.0]]","[[0.001, 0.2], [0.0009, 2.0], [0.0008, 15.0], [0.0007, 40.0], [0.0005, 50.0], [0.0001, 10.0]]",0.00118871,BTC-27SEP24-10000-P,0.0012,43039.05,20963046546,1706969559084,-1.70464,-0.85754,4.90811,0.0,-0.0046,0.0,0.0,,,,month,2024-09-27,10000,2024-09-27,0.39452054794520547,0.8272999999999999,1.2333533333333333,35507.38775194544,35647.123680259174,0.0022,35502.11443708843,5.47797100500496
64,25.0,2.3,0.0,500.51,BTC-27SEP24,45423.38,69.29,0.0,0.6,0.9755,65.4,1.0,0.173,0.658,"[[0.9755, 2.3]]","[[0.6, 25.0], [0.487, 1.0], [0.0001, 1.0]]",0.67267272,BTC-27SEP24-15000-C,0.6725,43039.05,20963045266,1706969559081,93.01469,-1.64413,11.23528,0.0,0.98823,0.0,0.0,,,,month,2024-09-27,15000,2024-09-27,0.39452054794520547,2.50255,1.2998283333333334,35374.14988294851,31330.919609123073,0.658,30541.652324624665,35406.77934877949
65,1.0,3.0,66.46,72.12,BTC-27SEP24,45423.52,69.29,0.0,0.0021,0.0035,42.4,0.5025,0.0001,0.002,"[[0.0035, 3.0], [0.0037, 3.0], [0.0038, 3.0], [0.009, 1.0], [0.0115, 2.0]]","[[0.0021, 1.0], [0.002, 2.0], [0.001, 60.0], [0.0008, 6.0], [0.0007, 25.0], [0.0004, 80.0], [0.0001, 65.0]]",0.00283118,BTC-27SEP24-15000-P,0.0027,43039.05,20963046729,1706969559083,-4.27607,-1.64411,11.23517,0.0,-0.01177,262.16,3.0,-4.7619,0.002,0.0021,month,2024-09-27,15000,2024-09-27,0.39452054794520547,0.6929,1.3061450000000001,30559.61580682658,31345.99487111812,0.002,30541.79231012419,18.77496611568291
66,14.8,1.8,51.02,499.25,BTC-27SEP24,45423.52,63.58,0.0,0.562,0.971,233.6,1.0,0.0675,0.551,"[[0.971, 1.8]]","[[0.562, 14.8], [0.0002, 1000.0], [0.0001, 1.0]]",0.56720808,BTC-27SEP24-20000-C,0.5674,43039.05,20963046584,1706969559083,118.1527,-3.48876,25.97893,0.0,0.96841,0.0,0.0,,,,month,2024-09-27,20000,2024-09-27,0.39452054794520547,2.75135,1.38098,34405.67832493454,27809.28390284453,0.551,25592.838430816748,34450.05180090974
67,18.0,36.0,51.37,75.49,BTC-27SEP24,45423.52,63.58,0.0,0.0024,0.016,53.6,0.5075,0.0001,0.01,"[[0.016, 36.0], [0.017, 15.0], [0.034, 1.0], [0.0345, 2.0], [0.08, 1.0]]","[[0.0024, 18.0], [0.0023, 18.0], [0.0011, 2.0], [0.0001, 1.0]]",0.00741936,BTC-27SEP24-20000-P,0.0077,43039.3,20963046761,1706969563109,-11.56838,-3.48876,25.97893,0.0,-0.03159,0.0,0.0,,,,month,2024-09-27,20000,2024-09-27,0.39452054794520547,0.6343,1.3851616666666664,25661.45708311017,27827.4561875083,0.01,25592.838430816748,82.59934844922357
68,4.1,1.6,49.76,499.32,BTC-27SEP24,45423.52,63.58,0.0,0.5195,0.9695,95.7,1.0,0.0285,0.51,"[[0.9695, 1.6]]","[[0.5195, 4.1], [0.0001, 1.0]]",0.52571742,BTC-27SEP24-22000-C,0.528,43039.3,20963046581,1706969563110,125.12996,-4.84537,36.08086,0.0,0.95272,0.0,0.0,,,,month,2024-09-27,22000,2024-09-27,0.39452054794520547,2.7454,1.4596933333333333,33701.70899152239,26862.978578546456,0.51,23628.89607626737,33749.36037988725
69,36.0,36.0,52.29,72.18,BTC-27SEP24,45423.78,63.58,0.0,0.005,0.02,124.9,0.512,0.0001,0.013,"[[0.02, 36.0], [0.021, 16.2], [0.032, 1.0]]","[[0.005, 36.0]]",0.00994982,BTC-27SEP24-22000-P,0.0123,43039.23,20963046537,1706969564116,-17.56291,-4.84531,36.08039,0.0,-0.04728,0.0,0.0,,,,month,2024-09-27,22000,2024-09-27,0.39452054794520547,0.62235,1.4667133333333333,23739.774488651088,26899.476046137002,0.013,23629.154418588987,145.92939670818194
70,19.6,1.5,47.38,499.13,BTC-27SEP24,45423.71,63.22,0.0,0.477,0.968,114.6,0.9895,0.0001,0.4685,"[[0.968, 1.5]]","[[0.477, 19.6], [0.311, 1.0], [0.0001, 1.0]]",0.4859476,BTC-27SEP24-24000-C,0.4898,43039.23,20963045829,1706969564118,130.90628,-6.25543,46.84647,1e-05,0.93416,0.0,0.0,,,,month,2024-09-27,24000,2024-09-27,0.39452054794520547,2.73255,1.5406316666666666,32995.22012600995,26114.460627907996,0.4685,21686.869135512978,33045.89627188289
71,52.0,17.0,54.23,70.24,BTC-27SEP24,45423.78,63.22,0.0,0.01,0.026,125.4,0.518,0.0001,0.016,"[[0.026, 17.0], [0.027, 15.4]]","[[0.01, 52.0]]",0.01420113,BTC-27SEP24-24000-P,0.0182,43039.23,20963044185,1706969564117,-24.7589,-6.25541,46.84633,1e-05,-0.06584,18784.35,27.6,-3.0303,0.016,0.0165,month,2024-09-27,24000,2024-09-27,0.39452054794520547,0.62235,1.5480283333333333,21872.556496952053,26157.939254004195,0.016,21686.938195510895,264.5309351569382
72,19.1,1.0,47.85,388.9,BTC-27SEP24,45423.78,58.39,0.0,0.457,0.914,1247.3,0.966,0.0001,0.449,"[[0.914, 1.0], [0.9675, 1.5]]","[[0.457, 19.1], [0.35, 1.0], [0.0001, 1.0]]",0.46596491,BTC-27SEP24-25000-C,0.4662,43039.23,20963046326,1706969564117,137.76256,-5.79991,47.02919,1e-05,0.93383,0.0,0.0,,,,month,2024-09-27,25000,2024-09-27,0.39452054794520547,2.18375,1.6035883333333332,29519.529727187808,25942.96783126521,0.449,20727.950229618687,29565.711668663746
73,34.0,15.8,55.25,61.54,BTC-27SEP24,45423.78,58.39,0.0,0.0135,0.02,150.1,0.5165,0.0001,0.0185,"[[0.02, 15.8], [0.0245, 2.0]]","[[0.0135, 34.0], [0.0125, 17.0], [0.005, 1.3]]",0.016229,BTC-27SEP24-25000-P,0.0166,43039.23,20963045816,1706969564116,-24.38879,-5.79991,47.02919,1e-05,-0.06617,21954.54,27.2,-2.6316,0.0185,0.019,month,2024-09-27,25000,2024-09-27,0.39452054794520547,0.58395,1.532955,20871.41156606532,25507.254185762566,0.0185,20727.950229618687,255.36347378658667
74,22.3,1.5,45.85,500.33,BTC-27SEP24,45423.71,57.08,0.0,0.4355,0.967,82.8,0.946,0.0001,0.4295,"[[0.967, 1.5]]","[[0.4355, 22.3]]",0.44694275,BTC-27SEP24-26000-C,0.4462,43039.23,20963034196,1706969564118,141.21936,-6.20638,51.48352,1e-05,0.92557,0.0,0.0,,,,month,2024-09-27,26000,2024-09-27,0.39452054794520547,2.7308999999999997,1.6064999999999998,32377.516547766667,25434.985850250152,0.4295,19779.437167283155,32431.11017882775
75,16.3,16.0,54.21,59.95,BTC-27SEP24,45423.78,57.08,0.0,0.0155,0.022,116.6,0.5185,0.0001,0.0185,"[[0.022, 16.0], [0.023, 16.0]]","[[0.0155, 16.3], [0.015, 34.0], [0.005, 1.0]]",0.01921741,BTC-27SEP24-26000-P,0.0186,43039.23,20963046878,1706969564116,-27.4179,-6.20636,51.48335,1e-05,-0.07443,1995.46,2.5,0.0,0.0185,0.0185,month,2024-09-27,26000,2024-09-27,0.39452054794520547,0.5708,1.5354383333333332,19924.816248359246,24977.231249613767,0.0185,19779.505412179562,301.40444028099404
76,13.9,1.4,51.21,499.75,BTC-27SEP24,45423.78,56.54,0.0,0.4025,0.9655,129.8,0.9095,0.0001,0.3915,"[[0.9655, 1.4]]","[[0.4025, 13.9], [0.234, 1.0], [0.025, 215.0], [0.0002, 999.9]]",0.40922518,BTC-27SEP24-28000-C,0.4096,43039.23,20963045158,1706969564116,144.93807,-7.58281,63.49546,1e-05,0.9015,0.0,0.0,,,,month,2024-09-27,28000,2024-09-27,0.39452054794520547,2.7548000000000004,1.6096383333333333,31940.506559998685,24449.6735096894,0.3915,17922.30216810278,31997.01373693298
77,0.2,15.0,55.11,57.98,BTC-27SEP24,45423.78,56.54,0.0,0.024,0.028,105.0,0.5255,0.0001,0.0305,"[[0.028, 15.0], [0.029, 15.0]]","[[0.024, 0.2], [0.01, 2.0], [0.005, 30.0]]",0.02552097,BTC-27SEP24-28000-P,0.026,43039.23,20963043516,1706969564116,-36.67145,-7.58281,63.49546,1e-05,-0.0985,10362.43,8.0,0.0,0.0305,0.0305,month,2024-09-27,28000,2024-09-27,0.39452054794520547,0.56545,1.5384750000000003,18117.20152332793,23954.344273560622,0.0305,17922.30216810278,479.7921666345757
78,3.9,1.4,31.6,499.05,BTC-27SEP24,45423.78,54.79,0.0,0.344,0.964,91.6,0.872,0.0001,0.356,"[[0.964, 1.4]]","[[0.344, 3.9], [0.14, 1.0]]",0.37340862,BTC-27SEP24-30000-C,0.3725,43039.23,20963042785,1706969564116,148.67577,-8.61026,74.40689,1e-05,0.87713,0.0,0.0,,,,month,2024-09-27,30000,2024-09-27,0.39452054794520547,2.65325,1.6092333333333333,30764.552337111534,23496.979663469,0.356,16131.810274057345,30822.931414000745
79,15.0,15.0,52.65,56.93,BTC-27SEP24,45423.71,54.79,0.0,0.0295,0.0365,154.2,0.5325,0.0001,0.0325,"[[0.0365, 15.0], [0.038, 15.0]]","[[0.0295, 15.0], [0.029, 45.0], [0.01, 8.0], [0.005, 1000.0], [0.0001, 1000.0]]",0.03372553,BTC-27SEP24-30000-P,0.0329,43039.3,20963046624,1706969568145,-45.90685,-8.61046,74.40778,1e-05,-0.12287,22389.52,15.9,-1.5152,0.0325,0.033,month,2024-09-27,30000,2024-09-27,0.39452054794520547,0.5478999999999999,1.5375,16322.402019519697,22963.127441671142,0.0325,16131.744922866666,670.8009829595806
80,3.9,6.3,37.25,174.31,BTC-27SEP24,45423.71,53.92,0.0,0.3105,0.6,118.6,0.838,0.0001,0.3145,"[[0.6, 6.3], [0.963, 1.4]]","[[0.3105, 3.9]]",0.33923348,BTC-27SEP24-32000-C,0.3382,43039.3,20963046264,1706969568146,149.90178,-9.84166,86.41594,1e-05,0.84703,11919.72,0.9,0.0,0.3145,0.3145,month,2024-09-27,32000,2024-09-27,0.39452054794520547,1.0578,1.554585,18235.596162858277,22168.365140477046,0.3145,14423.973325310093,18265.1670603274
81,14.0,14.0,51.95,55.9,BTC-27SEP24,45423.78,53.92,0.0,0.039,0.0465,178.1,0.5425,0.0001,0.0445,"[[0.0465, 14.0], [0.0485, 14.0]]","[[0.039, 14.0], [0.01, 2.0]]",0.04357152,BTC-27SEP24-32000-P,0.0427,43039.42,20963045575,1706969569154,-57.65179,-9.84166,86.41583,1e-05,-0.15297,39851.03,21.3,3.4884,0.043,0.0445,month,2024-09-27,32000,2024-09-27,0.39452054794520547,0.53925,1.482365,14625.750453912653,21596.851169706715,0.0445,14424.036519967478,960.1855623294513
82,3.9,1.4,40.11,500.15,BTC-27SEP24,45423.78,53.45,0.0,0.2795,0.962,119.2,0.806,0.0001,0.292,"[[0.962, 1.4]]","[[0.2795, 3.9]]",0.30862445,BTC-27SEP24-34000-C,0.3065,43039.42,20963045818,1706969569152,149.16483,-11.10595,98.37737,1e-05,0.81277,0.0,0.0,,,,month,2024-09-27,34000,2024-09-27,0.39452054794520547,2.7013,1.5533700000000001,30025.399201981156,21286.61401059099,0.292,12813.147701509777,30088.892029516934
83,6.0,13.0,52.07,54.84,BTC-27SEP24,45423.78,53.45,0.0,0.052,0.058,162.3,0.5545,0.0001,0.0565,"[[0.058, 13.0], [0.0585, 6.0], [0.0605, 6.0]]","[[0.052, 6.0], [0.0505, 12.0], [0.005, 25.0], [0.0001, 100.0]]",0.05698362,BTC-27SEP24-34000-P,0.055,43039.42,20963045500,1706969569155,-71.36101,-11.10595,98.37737,1e-05,-0.18723,91100.27,37.7,-1.7391,0.0555,0.0575,month,2024-09-27,34000,2024-09-27,0.39452054794520547,0.53455,1.4792650000000003,13032.952456273619,20668.599595070576,0.0565,12813.147701509777,1353.631012377551
84,8.0,8.0,51.98,71.36,BTC-27SEP24,45423.78,53.34,0.0,0.2885,0.3345,76.3,0.7915,0.0001,0.2795,"[[0.3345, 8.0], [0.3375, 8.0], [0.505, 1.0], [0.525, 1.0]]","[[0.2885, 8.0], [0.2845, 8.0]]",0.29217512,BTC-27SEP24-35000-C,0.2916,43039.42,20963046726,1706969569153,148.12596,-11.73055,104.13239,1e-05,0.79436,0.0,0.0,,,,month,2024-09-27,35000,2024-09-27,0.39452054794520547,0.6167,1.4804599999999999,12898.38505742951,20245.81929715387,0.2795,12047.70017251978,12916.128149133865
85,6.0,6.0,51.75,54.16,BTC-27SEP24,45423.78,53.34,0.0,0.0585,0.064,120.8,0.562,0.0001,0.0635,"[[0.064, 6.0], [0.0645, 12.0], [0.068, 6.0], [0.55, 0.3]]","[[0.0585, 6.0], [0.057, 12.0], [0.0005, 500.0]]",0.06254485,BTC-27SEP24-35000-P,0.0621,43039.42,20963043514,1706969569151,-78.88593,-11.73055,104.13239,1e-05,-0.20564,87881.98,32.4,4.0984,0.061,0.064,month,2024-09-27,35000,2024-09-27,0.39452054794520547,0.52955,1.4433599999999998,12253.224456865431,19927.453905135088,0.0635,12047.70017251978,1566.8867983141954
86,8.0,8.0,51.88,71.06,BTC-27SEP24,45423.78,53.34,0.0,0.274,0.3215,175.6,0.777,0.0001,0.267,"[[0.3215, 8.0], [0.3245, 8.0]]","[[0.274, 8.0], [0.27, 8.0]]",0.27798391,BTC-27SEP24-36000-C,0.2775,43039.42,20963045824,1706969569154,146.63195,-12.35338,109.66132,2e-05,0.7752,0.0,0.0,,,,month,2024-09-27,36000,2024-09-27,0.39452054794520547,0.6147,1.4438933333333333,12209.048766276614,19504.06894192998,0.267,11310.454186112049,12227.749720808173
87,6.0,12.0,51.66,54.15,BTC-27SEP24,45423.78,53.34,0.0,0.066,0.072,383.6,0.57,0.0001,0.0705,"[[0.072, 12.0], [0.0725, 12.0], [0.0755, 6.0], [0.08, 100.0]]","[[0.066, 6.0], [0.0655, 12.0], [0.005, 20.0]]",0.0703642,BTC-27SEP24-36000-P,0.07,43039.42,20963047000,1706969569153,-86.86599,-12.35338,109.66132,2e-05,-0.2248,79559.01,26.2,0.7143,0.07,0.0715,month,2024-09-27,36000,2024-09-27,0.39452054794520547,0.52905,1.3700983333333334,11529.864701348113,18853.094900928092,0.0705,11310.454186112049,1836.6443978527302
88,9.0,9.0,51.85,70.23,BTC-27SEP24,45423.78,53.34,0.0,0.247,0.296,101.7,0.7505,0.0001,0.2385,"[[0.296, 9.0], [0.299, 9.0]]","[[0.247, 9.0], [0.243, 9.0], [0.05, 285.2], [0.005, 300.0]]",0.25129403,BTC-27SEP24-38000-C,0.2509,43039.42,20963041203,1706969569155,142.83219,-13.47946,119.65809,2e-05,0.73572,0.0,0.0,,,,month,2024-09-27,38000,2024-09-27,0.39452054794520547,0.6104,1.3702283333333334,10900.026098177688,18005.899423060524,0.2385,9923.82633641408,10920.44372124433
89,6.0,6.0,51.44,55.24,BTC-27SEP24,45423.78,53.34,0.0,0.0825,0.0925,180.4,0.587,0.0001,0.0875,"[[0.0925, 6.0], [0.1325, 3.0]]","[[0.0825, 6.0], [0.0815, 11.0]]",0.08769546,BTC-27SEP24-38000-P,0.0875,43039.42,20963046337,1706969569153,-103.63786,-13.47946,119.65809,2e-05,-0.26428,112588.21,30.0,1.1561,0.0865,0.0885,month,2024-09-27,38000,2024-09-27,0.39452054794520547,0.5334,1.2976500000000002,10213.653383996756,17333.379479159343,0.0875,9923.82633641408,2506.6991208527934
90,18.0,9.0,52.65,69.63,BTC-27SEP24,45423.78,52.43,0.0,0.2245,0.2725,155.3,0.7235,0.0001,0.2185,"[[0.2725, 9.0], [0.2755, 27.0], [0.305, 1.0], [0.3345, 1.0]]","[[0.2245, 18.0], [0.219, 9.0], [0.09, 2.0], [0.0002, 975.0]]",0.22532963,BTC-27SEP24-40000-C,0.2239,43039.42,20963047001,1706969569154,139.02109,-14.17467,127.99778,2e-05,0.69576,0.0,0.0,,,,month,2024-09-27,40000,2024-09-27,0.39452054794520547,0.6114,1.2961916666666664,9739.777470909212,16492.65311134215,0.2185,8657.529692188204,9761.811910676659
91,6.0,6.0,51.37,53.5,BTC-27SEP24,45423.78,52.43,0.0,0.1015,0.1075,193.5,0.604,0.0001,0.1065,"[[0.1075, 6.0], [0.108, 10.0], [0.1115, 6.0]]","[[0.1015, 6.0], [0.0995, 32.0], [0.02, 0.1], [0.005, 1000.0]]",0.10575218,BTC-27SEP24-40000-P,0.1045,43039.42,20963046265,1706969569154,-120.42107,-14.17467,127.99778,2e-05,-0.30424,712070.89,154.2,-2.2936,0.1035,0.109,month,2024-09-27,40000,2024-09-27,0.39452054794520547,0.52435,1.31367,8891.6805899358,16661.32286800343,0.1065,8657.529692188204,3170.190269007585
92,9.0,6.7,52.49,69.22,BTC-27SEP24,45423.78,52.2,0.0,0.2015,0.251,139.8,0.7005,0.0001,0.2025,"[[0.251, 6.7], [0.254, 9.0]]","[[0.2015, 9.0], [0.2, 9.0], [0.1965, 9.0]]",0.20355446,BTC-27SEP24-42000-C,0.2006,43039.42,20963044790,1706969569154,133.62508,-14.87177,134.90469,2e-05,0.65417,868696.6,100.0,0.7463,0.201,0.2042,month,2024-09-27,42000,2024-09-27,0.39452054794520547,0.60855,1.2244283333333332,8642.377361579158,14993.615858394547,0.2025,7512.402482403781,8665.561751237172
93,6.0,6.0,51.1,53.29,BTC-27SEP24,45423.78,52.2,0.0,0.122,0.1285,221.2,0.625,0.0001,0.127,"[[0.1285, 6.0], [0.129, 9.0], [0.134, 6.0], [0.2, 10.0]]","[[0.122, 6.0], [0.117, 12.0], [0.065, 1.0], [0.005, 150.0]]",0.12799814,BTC-27SEP24-42000-P,0.1252,43039.42,20963046168,1706969569152,-138.78919,-14.87177,134.90469,2e-05,-0.34583,340280.4,61.7,-3.0534,0.1245,0.131,month,2024-09-27,42000,2024-09-27,0.39452054794520547,0.52195,1.21425,7740.25187179643,14891.150525237372,0.127,7512.402482403781,4004.1254757237325
94,10.8,9.0,50.9,54.79,BTC-27SEP24,45423.78,52.23,0.0,0.176,0.188,186.2,0.68,0.0001,0.1765,"[[0.188, 9.0], [0.191, 9.0]]","[[0.176, 10.8], [0.0001, 0.1]]",0.18278355,BTC-27SEP24-44000-C,0.1801,43039.42,20963042577,1706969569154,127.41612,-15.45258,140.09403,2e-05,0.61257,0.0,0.0,,,,month,2024-09-27,44000,2024-09-27,0.39452054794520547,0.52845,1.1484466666666668,6797.248882409502,13447.742684508612,0.1765,6486.272224224249,6818.414883577501
95,6.0,6.0,51.17,53.28,BTC-27SEP24,45423.78,52.23,0.0,0.1455,0.152,286.7,0.6485,0.0001,0.1505,"[[0.152, 6.0], [0.1525, 8.0], [0.158, 6.0]]","[[0.1455, 6.0], [0.1405, 14.0], [0.065, 1.0], [0.005, 13.0]]",0.15124835,BTC-27SEP24-44000-P,0.1487,43039.42,20963046704,1706969569153,-157.97025,-15.45258,140.09403,2e-05,-0.38743,493755.32,75.5,-3.5256,0.149,0.156,month,2024-09-27,44000,2024-09-27,0.39452054794520547,0.52225,1.1427583333333333,6729.495494255505,13388.338899083796,0.1505,6486.272224224249,4978.44895401419
96,9.0,9.0,52.55,54.95,BTC-27SEP24,45423.78,53.72,0.0,0.1715,0.179,118.3,0.675,0.0001,0.177,"[[0.179, 9.0], [0.1815, 9.0], [0.5, 5.2]]","[[0.1715, 9.0], [0.1665, 9.0], [0.1105, 4.0]]",0.17352286,BTC-27SEP24-45000-C,0.1752,43039.42,20963046908,1706969569152,123.41507,-16.09478,141.86872,2e-05,0.59405,68950.06,9.0,-0.2817,0.177,0.1775,month,2024-09-27,45000,2024-09-27,0.39452054794520547,0.5375,1.0689633333333333,6433.46183003829,12232.768036716934,0.177,6016.463418813248,6455.268230862848
97,6.0,6.0,46.75,57.14,BTC-27SEP24,45423.78,53.72,0.0,0.144,0.1765,329.5,0.6655,0.0001,0.163,"[[0.1765, 6.0], [0.1805, 6.0], [0.6, 15.1], [0.9395, 3.0]]","[[0.144, 6.0], [0.1405, 6.0], [0.14, 6.0], [0.12, 1.0], [0.0002, 84.9]]",0.16399822,BTC-27SEP24-45000-P,0.1658,43039.42,20963047057,1706969570152,-168.45736,-16.09478,141.86872,2e-05,-0.40595,464518.46,65.7,-2.6866,0.162,0.1675,month,2024-09-27,45000,2024-09-27,0.39452054794520547,0.51945,1.0651350000000002,6232.835946303836,12191.939908020431,0.163,6016.463418813248,5474.073888334101
98,10.0,10.0,52.75,54.8,BTC-27SEP24,45423.78,53.78,0.0,0.163,0.1695,155.5,0.666,0.0001,0.167,"[[0.1695, 10.0], [0.1725, 10.0]]","[[0.163, 10.0], [0.1625, 10.0], [0.158, 10.0]]",0.16301569,BTC-27SEP24-46000-C,0.1663,43039.42,20963046703,1706969569152,120.23138,-16.28689,143.40179,2e-05,0.57434,115491.4,16.0,-0.5952,0.167,0.168,month,2024-09-27,46000,2024-09-27,0.39452054794520547,0.53775,0.9915466666666666,5999.474623747781,11025.46545148976,0.167,5574.508003084629,6021.505028789522
99,6.0,6.0,46.53,57.13,BTC-27SEP24,45423.91,53.78,0.0,0.156,0.1895,155.3,0.6785,0.0001,0.177,"[[0.1895, 6.0], [0.194, 6.0]]","[[0.156, 6.0], [0.152, 6.0]]",0.17550162,BTC-27SEP24-46000-P,0.1789,43039.42,20963047121,1706969574609,-178.12621,-16.28682,143.40206,2e-05,-0.42566,322616.83,42.2,-2.4793,0.176,0.1815,month,2024-09-27,46000,2024-09-27,0.39452054794520547,0.5183,0.9880783333333334,5780.692657370564,10987.842796993653,0.177,5574.580343791942,6014.049444547944
100,10.0,10.0,52.26,55.07,BTC-27SEP24,45423.78,53.67,0.0,0.1445,0.1535,119.0,0.649,0.0001,0.1525,"[[0.1535, 10.0], [0.156, 10.0]]","[[0.1445, 10.0], [0.1415, 5.2]]",0.15225153,BTC-27SEP24-48000-C,0.149,43039.42,20963046162,1706969569154,113.79741,-16.47788,145.37292,2e-05,0.53525,148426.05,22.5,-2.2436,0.152,0.156,month,2024-09-27,48000,2024-09-27,0.39452054794520547,0.53665,0.9148816666666667,5187.708022743958,9455.642353483305,0.1525,4770.620742513322,5209.860125267142
101,5.0,1.1,52.66,499.05,BTC-27SEP24,45423.78,53.67,0.0,0.2025,1.011,126.7,0.7055,0.0001,0.2065,"[[1.011, 1.1]]","[[0.2025, 5.0]]",0.20875859,BTC-27SEP24-48000-P,0.2057,43039.42,20963046708,1706969569154,-197.53319,-16.47788,145.37292,2e-05,-0.46475,292640.31,33.0,-1.432,0.2045,0.2095,month,2024-09-27,48000,2024-09-27,0.39452054794520547,2.75855,0.9860883333333333,27459.754226686226,10246.855888865124,0.2065,4770.620742513322,29733.03917943923
102,20.0,10.0,53.14,55.17,BTC-27SEP24,45423.78,54.16,0.0,0.132,0.1385,282.8,0.635,0.0001,0.138,"[[0.1385, 10.0], [0.1395, 20.0], [0.46, 2.0], [0.47, 1.0], [0.48, 1.0], [0.49, 2.0], [0.53, 1.0]]","[[0.132, 20.0], [0.128, 10.0], [0.005, 100.0]]",0.13750117,BTC-27SEP24-50000-C,0.1353,43039.42,20963046875,1706969569152,107.22663,-16.6925,145.94282,2e-05,0.4992,59436.75,10.0,0.3636,0.1375,0.138,month,2024-09-27,50000,2024-09-27,0.39452054794520547,0.54155,0.9313483333333333,4537.110297650048,8961.398341743885,0.138,4066.8461940758607,4559.301411473596
103,1.0,0.9,52.91,499.96,BTC-27SEP24,45423.78,54.16,0.0,0.232,1.0545,122.0,0.7355,0.0001,0.235,"[[1.0545, 0.9]]","[[0.232, 1.0]]",0.23802935,BTC-27SEP24-50000-P,0.236,43039.42,20963045819,1706969569154,-217.07607,-16.6925,145.94282,2e-05,-0.5008,210505.03,20.8,-2.2869,0.2305,0.2405,month,2024-09-27,50000,2024-09-27,0.39452054794520547,2.76435,1.0040283333333333,27144.706940585966,9778.244661853298,0.235,4066.8461940758607,31403.711811530546
104,11.0,11.0,52.78,55.75,BTC-27SEP24,45423.78,54.26,0.0,0.117,0.1265,175.5,0.6215,0.0001,0.125,"[[0.1265, 11.0], [0.1285, 11.0], [0.15, 25.0]]","[[0.117, 11.0], [0.1145, 6.2]]",0.12549628,BTC-27SEP24-52000-C,0.1217,43039.42,20963047054,1706969569860,100.77259,-16.65656,145.34153,2e-05,0.46379,59537.97,11.0,-0.3984,0.125,0.1255,month,2024-09-27,52000,2024-09-27,0.39452054794520547,0.54265,0.9310866666666667,3927.9160972585632,8329.86206495737,0.125,3454.668189255415,3949.7220240611373
105,2.0,0.9,53.16,499.69,BTC-27SEP24,45423.78,54.26,0.0,0.263,1.0975,130.3,0.7665,0.0001,0.2655,"[[1.0975, 0.9]]","[[0.263, 2.0]]",0.27004559,BTC-27SEP24-52000-P,0.2665,43039.42,20963045825,1706969569152,-236.50222,-16.65656,145.34153,2e-05,-0.53621,318827.99,27.7,-2.2099,0.265,0.2715,month,2024-09-27,52000,2024-09-27,0.39452054794520547,2.76425,1.0042016666666667,26794.399805095716,9158.330598745624,0.2655,3454.668189255415,33039.01294950417
106,12.0,11.0,54.03,55.92,BTC-27SEP24,45423.78,54.97,0.0,0.1085,0.1145,128.1,0.611,0.0001,0.1135,"[[0.1145, 11.0], [0.117, 6.0], [0.1175, 6.0]]","[[0.1085, 12.0], [0.1045, 4.2]]",0.1134999,BTC-27SEP24-54000-C,0.1115,43039.42,20963047053,1706969569837,94.6606,-16.70384,143.86739,2e-05,0.43279,78213.13,16.0,0.8889,0.1125,0.114,month,2024-09-27,54000,2024-09-27,0.39452054794520547,0.54975,0.9307,3460.3324518956706,7742.597071241971,0.1135,2925.2593440813434,3481.798401237947
107,4.8,0.8,48.52,499.38,BTC-27SEP24,45423.78,54.97,0.0,0.28,1.1405,8.8,0.8,0.0001,0.321,"[[1.1405, 0.8]]","[[0.28, 4.8]]",0.30207034,BTC-27SEP24-54000-P,0.3003,43039.42,20963046175,1706969569153,-255.58632,-16.70384,143.86739,2e-05,-0.56721,51676.72,3.8,0.0,0.321,0.321,month,2024-09-27,54000,2024-09-27,0.39452054794520547,2.7395,1.0031683333333334,26246.52989289914,8566.969748846937,0.321,2925.2593440813434,34476.500398912336
108,12.0,11.0,53.64,56.18,BTC-27SEP24,45423.78,54.97,0.0,0.1015,0.1095,1508.8,0.6055,0.0001,0.107,"[[0.1095, 11.0], [0.11, 22.0], [0.1125, 6.0], [0.2, 1.0]]","[[0.1015, 12.0], [0.0995, 4.0], [0.005, 120.0]]",0.10874616,BTC-27SEP24-55000-C,0.1057,43039.42,20963046431,1706969569152,91.58554,-16.57284,142.73904,2e-05,0.41656,121523.67,26.1,-1.3825,0.107,0.1085,month,2024-09-27,55000,2024-09-27,0.39452054794520547,0.5490999999999999,0.93303,3206.2240312915474,7493.818475536786,0.107,2688.837762530675,3227.2630666679925
109,4.8,0.8,48.87,499.22,BTC-27SEP24,45423.78,54.97,0.0,0.2975,1.162,12.5,0.8165,0.0001,0.203,"[[1.162, 0.8]]","[[0.2975, 4.8]]",0.31932716,BTC-27SEP24-55000-P,0.3165,43039.42,20963046292,1706969569153,-265.14743,-16.57284,142.73904,2e-05,-0.58344,0.0,0.0,,,,month,2024-09-27,55000,2024-09-27,0.39452054794520547,2.74045,1.006115,26087.869080959263,8325.61373008491,0.203,2688.837762530675,35310.58979728369
110,22.0,11.0,54.27,56.36,BTC-27SEP24,45423.78,55.31,0.0,0.098,0.1045,119.5,0.601,0.0001,0.1015,"[[0.1045, 11.0], [0.105, 11.0], [0.107, 6.0]]","[[0.098, 22.0], [0.0945, 6.0], [0.08, 1.0]]",0.10324856,BTC-27SEP24-56000-C,0.1012,43039.42,20963045051,1706969569154,88.72585,-16.53651,141.55339,2e-05,0.4024,26295.18,6.0,0.0,0.1015,0.1015,month,2024-09-27,56000,2024-09-27,0.39452054794520547,0.55315,0.9892933333333332,3017.8641459170303,7868.7827557270575,0.1015,2469.8314508945787,3038.659732917343
111,3.2,1.0,47.47,107.35,BTC-27SEP24,45423.78,55.31,0.0,0.31,0.5,94.9,0.834,0.0001,0.365,"[[0.5, 1.0], [0.507, 0.3]]","[[0.31, 3.2]]",0.33584013,BTC-27SEP24-56000-P,0.3341,43039.42,20963046259,1706969569152,-274.49317,-16.53651,141.55339,2e-05,-0.5976,0.0,0.0,,,,month,2024-09-27,56000,2024-09-27,0.39452054794520547,0.7741,0.9971216666666667,5431.4918288832305,7957.881365313073,0.365,2469.8314508945787,15595.424098742878
112,12.0,12.0,54.81,56.61,BTC-27SEP24,45423.78,55.71,0.0,0.0895,0.095,126.9,0.592,0.0001,0.0969,"[[0.095, 12.0], [0.098, 12.0]]","[[0.0895, 12.0], [0.0855, 6.0]]",0.09474581,BTC-27SEP24-58000-C,0.0922,43039.42,20963046534,1706969569152,83.11129,-16.31335,138.64217,2e-05,0.37434,139411.43,34.2,3.0851,0.0935,0.0969,month,2024-09-27,58000,2024-09-27,0.39452054794520547,0.5571,0.9256483333333333,2639.3294689005415,6644.29007392062,0.0969,2079.898140702717,2659.3552850372052
113,3.2,0.7,47.64,499.73,BTC-27SEP24,45423.91,55.71,0.0,0.345,1.227,103.8,0.869,0.0001,0.4055,"[[1.227, 0.7]]","[[0.345, 3.2]]",0.37135851,BTC-27SEP24-58000-P,0.3691,43038.92,20963046639,1706969581236,-293.07937,-16.31329,138.64262,2e-05,-0.62566,0.0,0.0,,,,month,2024-09-27,58000,2024-09-27,0.39452054794520547,2.73685,0.9990583333333334,25571.634604272378,7476.505689897649,0.4055,2079.9339637812063,37772.3324235115
114,6.0,24.0,55.2,57.22,BTC-27SEP24,45423.91,56.21,0.0,0.0815,0.0875,159.2,0.584,0.0001,0.0855,"[[0.0875, 24.0], [0.091, 6.0], [0.2, 1.0]]","[[0.0815, 6.0], [0.081, 12.0], [0.0805, 6.0], [0.08, 6.0], [0.0785, 2.6], [0.07, 8.0], [0.055, 1.0], [0.05, 6.0]]",0.08624799,BTC-27SEP24-60000-C,0.0845,43038.92,20963046907,1706969581235,77.88811,-16.06759,135.34009,2e-05,0.34886,117520.85,32.0,0.0,0.085,0.0855,month,2024-09-27,60000,2024-09-27,0.39452054794520547,0.5621,0.9972383333333333,2321.4558894925285,6986.732980156912,0.0855,1747.4899789314204,2340.6806174103453
115,3.1,25.0,47.96,268.01,BTC-27SEP24,45423.91,56.21,0.0,0.3815,1.0,136.3,0.905,0.0001,0.4455,"[[1.0, 25.0], [1.27, 0.6]]","[[0.3815, 3.1], [0.0925, 75.0]]",0.40688181,BTC-27SEP24-60000-P,0.4054,43038.92,20963046263,1706969581236,-311.27513,-16.06759,135.34009,2e-05,-0.65114,0.0,0.0,,,,month,2024-09-27,60000,2024-09-27,0.39452054794520547,1.5798499999999998,1.0322483333333334,13572.81310049082,7382.999218714669,0.4455,1747.4899789314204,27735.57264349359
116,18.0,32.0,56.18,58.35,BTC-27SEP24,45423.38,57.27,0.0,0.065,0.071,70.8,0.5675,0.0001,0.0695,"[[0.071, 32.0], [0.0715, 6.0], [0.524, 1.0]]","[[0.065, 18.0], [0.0615, 6.0]]",0.06921147,BTC-27SEP24-65000-C,0.068,43039.29,20963046620,1706969582243,66.11323,-15.20312,125.70215,2e-05,0.29239,64110.92,21.5,0.0,0.0685,0.0695,month,2024-09-27,65000,2024-09-27,0.39452054794520547,0.57265,1.0308466666666667,1685.4038784960985,6320.974981388337,0.0695,1120.921879051668,1702.3482962122753
117,3.1,0.6,48.54,499.18,BTC-27SEP24,45423.38,57.27,0.0,0.476,1.378,136.8,0.9985,0.0001,0.5445,"[[1.378, 0.6]]","[[0.476, 3.1], [0.35, 12.5]]",0.49989811,BTC-27SEP24-65000-P,0.4989,43039.29,20963046325,1706969582244,-355.48029,-15.20312,125.70215,2e-05,-0.70761,0.0,0.0,,,,month,2024-09-27,65000,2024-09-27,0.39452054794520547,2.7386,1.1044983333333334,24536.222928958276,7144.564432796376,0.5445,1120.921879051668,43685.96162146852
118,6.0,6.0,57.16,59.33,BTC-27SEP24,45423.38,58.25,0.0,0.0525,0.058,531.9,0.555,0.0001,0.0565,"[[0.058, 6.0], [0.0585, 14.0], [0.3, 1.0], [0.35, 1.0]]","[[0.0525, 6.0], [0.0505, 12.0], [0.0495, 6.0]]",0.0559901,BTC-27SEP24-70000-C,0.0552,43039.29,20963045531,1706969582245,56.18397,-14.17618,115.2355,1e-05,0.24593,14637.01,6.0,0.0,0.0565,0.0565,month,2024-09-27,70000,2024-09-27,0.39452054794520547,0.58245,1.1035666666666666,1235.3784943192022,6228.7625675541985,0.0565,712.2309814915288,1250.0032489203845
119,2.5,0.5,46.09,499.85,BTC-27SEP24,45423.38,58.25,0.0,0.5685,1.4865,127.1,1.096,0.0965,0.643,"[[1.4865, 0.5]]","[[0.5685, 2.5], [0.0002, 1.0]]",0.59672956,BTC-27SEP24-70000-P,0.5963,43039.29,20963047178,1706969582243,-397.83981,-14.17618,115.2355,1e-05,-0.75407,0.0,0.0,,,,month,2024-09-27,70000,2024-09-27,0.39452054794520547,2.7297000000000002,1.1767766666666666,23763.440757944685,7039.238648674587,0.643,712.2309814915288,47875.937158426605
120,15.0,12.0,58.83,61.46,BTC-27SEP24,45423.38,60.14,0.0,0.035,0.0405,67.2,0.5375,0.0001,0.036,"[[0.0405, 12.0], [0.041, 15.0], [0.042, 15.0], [0.043, 1.0], [0.045, 2.0]]","[[0.035, 15.0], [0.034, 6.0], [0.033, 6.0]]",0.0374795,BTC-27SEP24-80000-C,0.0377,43039.29,20963045390,1706969582243,41.07784,-12.07075,95.02714,1e-05,0.17714,0.0,0.0,,,,month,2024-09-27,80000,2024-09-27,0.39452054794520547,0.6014499999999999,1.176445,690.9275636844491,5544.025595507599,0.036,282.44035550458557,701.5222549299367
121,13.7,1.0,55.11,160.91,BTC-27SEP24,45423.38,60.14,0.0,0.789,1.1,131.4,1.2985,0.299,0.854,"[[1.1, 1.0], [1.1115, 0.2], [1.21, 11.3]]","[[0.789, 13.7], [0.0001, 1.0]]",0.7983246,BTC-27SEP24-80000-P,0.7989,43039.29,20963045827,1706969582243,-477.80648,-12.07075,95.02714,1e-05,-0.82286,0.0,0.0,,,,month,2024-09-27,80000,2024-09-27,0.39452054794520547,1.0800999999999998,1.19497,4546.156207527971,5740.411565484175,0.854,282.44035550458557,38528.163075417106
122,16.0,16.0,60.53,63.45,BTC-27SEP24,45424.61,61.98,0.0,0.0245,0.0295,185.7,0.5265,0.0001,0.025,"[[0.0295, 16.0], [0.03, 16.0], [0.032, 1.0]]","[[0.0245, 16.0], [0.0235, 1.0], [0.0001, 100.0]]",0.02723719,BTC-27SEP24-90000-C,0.0269,43040.09,20963046997,1706969584259,30.756,-10.20224,77.9342,1e-05,0.13132,10541.93,10.0,0.0,0.025,0.025,month,2024-09-27,90000,2024-09-27,0.39452054794520547,0.6199,1.1953483333333332,409.47612906742916,4598.324524399335,0.025,110.82057104124635,417.10600390844655
123,16.4,1.0,55.68,163.51,BTC-27SEP24,45423.77,61.98,0.0,0.9985,1.3,81.1,1.508,0.5085,1.068,"[[1.3, 1.0], [1.313, 0.2]]","[[0.9985, 16.4], [0.68, 25.0], [0.0001, 1.0]]",1.00818793,BTC-27SEP24-90000-P,1.0083,43040.09,20963045831,1706969584256,-552.99119,-10.20163,77.92952,1e-05,-0.86868,598709.42,13.2,0.0,1.068,1.068,month,2024-09-27,90000,2024-09-27,0.39452054794520547,1.09595,1.214481666666667,3642.2158882873628,4788.835631868986,1.068,110.80123609058899,47542.00013596062
124,17.0,17.0,61.14,65.45,BTC-27SEP24,45424.61,63.29,0.0,0.0165,0.0225,94.6,0.519,0.0001,0.018,"[[0.0225, 17.0], [0.023, 17.0], [0.03, 2.0], [0.055, 1.0]]","[[0.0165, 17.0], [0.0155, 15.5], [0.013, 2.0], [0.0001, 10.0]]",0.01973002,BTC-27SEP24-100000-C,0.0194,43040.09,20963047314,1706969584371,23.15473,-8.45486,63.24809,1e-05,0.09797,0.0,0.0,,,,month,2024-09-27,100000,2024-09-27,0.39452054794520547,0.63295,1.217965,244.92162143767155,3921.7852135455723,0.018,43.46507036497445,250.28898681058897
125,13.5,10.5,54.54,367.56,BTC-27SEP24,45428.04,63.29,0.0,1.2105,2.0,102.2,1.7205,0.721,1.28,"[[2.0, 10.5], [2.1365, 0.3]]","[[1.2105, 13.5], [0.5, 25.0], [0.0001, 1.0]]",1.22078639,BTC-27SEP24-100000-P,1.2209,43043.34,20963046582,1706969585266,-625.44316,-8.4571,63.26493,1e-05,-0.902,833924.24,15.2,-0.9288,1.28,1.292,month,2024-09-27,100000,2024-09-27,0.39452054794520547,2.1105,1.2709066666666664,13601.359283977074,4423.37297429576,1.28,43.4990014845431,67465.5544164165
126,17.0,2.1,63.3,67.15,BTC-27SEP24,45424.61,65.23,0.0,0.013,0.0175,210.7,0.515,0.0001,0.0145,"[[0.0175, 2.1], [0.042, 1.0]]","[[0.013, 17.0], [0.0115, 17.0], [0.002, 2.0]]",0.01495881,BTC-27SEP24-110000-C,0.0152,43043.34,20963047199,1706969585263,18.41451,-7.32569,53.17766,1e-05,0.07766,0.0,0.0,,,,month,2024-09-27,110000,2024-09-27,0.39452054794520547,0.65225,1.2747316666666668,164.3866141405449,3709.7126270138488,0.0145,17.161735631705028,168.4359516627402
127,0.0,0.0,0.0,0.0,BTC-27SEP24,45424.61,65.23,0.0,0.0,0.0,1.0,1.9365,0.937,1.43,[],[],1.43612082,BTC-27SEP24-110000-P,1.4368,43043.34,20933634378,1706969585263,-695.05143,-7.32569,53.17766,1e-05,-0.92234,0.0,0.0,,,,month,2024-09-27,110000,2024-09-27,0.39452054794520547,0.0,1.2574166666666668,0.0,3555.954767330383,1.43,17.161735631705028,63704.880166343624
128,2.0,36.0,64.12,69.67,BTC-27SEP24,45428.04,66.9,0.0,0.0095,0.015,61.6,0.512,0.0001,0.01,"[[0.015, 36.0]]","[[0.0095, 2.0], [0.009, 1.1], [0.0085, 18.0], [0.008, 2.0], [0.002, 1.0]]",0.01117006,BTC-27SEP24-120000-C,0.0121,43044.59,20963046961,1706969586270,14.88352,-6.36453,45.04335,1e-05,0.06259,0.0,0.0,,,,month,2024-09-27,120000,2024-09-27,0.39452054794520547,0.6689500000000002,1.2617900000000002,113.4177597032068,3002.81816860488,0.01,6.8573873719986125,116.50175959292885
129,12.5,0.0,0.0,0.0,BTC-27SEP24,45428.04,66.9,0.0,1.55,0.0,12.5,2.1535,1.154,1.5615,[],"[[1.55, 12.5], [0.0001, 1.0]]",1.65243771,BTC-27SEP24-120000-P,1.6538,43044.59,20963043581,1706969586270,-763.44296,-6.36453,45.04335,1e-05,-0.93741,0.0,0.0,,,,month,2024-09-27,120000,2024-09-27,0.39452054794520547,0.0,1.2445133333333334,0.0,2863.5193617347286,1.5615,6.8573873719986125,73622.3129087385
130,0.0,3.5,0.0,499.65,BTC-27DEC24,46179.24,72.96,0.0,0.0,0.992,27.0,1.0,0.285,0.753,"[[0.992, 3.5]]",[],0.78487221,BTC-27DEC24-10000-C,0.7849,43044.59,20962667227,1706969586271,87.01414,-0.73621,6.61397,0.0,0.99474,0.0,0.0,,,,month,2024-12-27,10000,2024-12-27,0.6438356164383562,2.49825,1.3099,40387.08674017855,36947.979793370425,0.753,36307.29951147873,40403.63110441599
131,0.3,4.0,71.92,74.01,BTC-27DEC24,46180.54,72.96,0.0,0.0013,0.0016,25.1,0.501,0.0001,0.0009,"[[0.0016, 4.0], [0.0017, 5.5], [0.0018, 1.0], [0.004, 19.0], [0.0043, 2.0]]","[[0.0013, 0.3], [0.0011, 3.0], [0.001, 5.0], [0.0008, 1.0], [0.0007, 20.0], [0.0004, 25.0], [0.0002, 50.0], [0.0001, 201.0]]",0.0013976,BTC-27DEC24-10000-P,0.0014,43044.55,20963047327,1706969587279,-2.77782,-0.73619,6.61379,0.0,-0.00525,0.0,0.0,,,,month,2024-12-27,10000,2024-12-27,0.6438356164383562,0.72965,1.2422700000000002,36324.250486487,36818.99990796382,0.0009,36308.59947763992,16.081178633853515
132,0.0,2.4,0.0,499.54,BTC-27DEC24,46180.58,65.7,0.0,0.0,0.99,0.0,1.0,0.18,0.8,"[[0.99, 2.4]]",[],0.68031736,BTC-27DEC24-15000-C,0.68,43044.55,20962672983,1706969587278,125.60314,-1.85889,18.54653,0.0,0.98289,0.0,0.0,,,,month,2024-12-27,15000,2024-12-27,0.6438356164383562,2.4977,1.3074750000000002,38574.847204893566,33149.02899477962,0.8,31379.467672767285,38597.9956339322
133,0.1,18.0,61.85,69.56,BTC-27DEC24,46180.54,65.7,0.0,0.0034,0.0065,0.0,0.5045,0.0001,,"[[0.0065, 18.0], [0.007, 13.1]]","[[0.0034, 0.1], [0.0033, 57.0]]",0.00510545,BTC-27DEC24-15000-P,0.0048,43044.55,20963047131,1706969587279,-9.08495,-1.85889,18.54657,0.0,-0.01711,0.0,0.0,,,,month,2024-12-27,15000,2024-12-27,0.6438356164383562,0.65705,1.2372316666666667,31446.373732404485,32871.58272283678,,31379.427720782063,75.00451663853234
134,16.6,1.9,43.48,500.64,BTC-27DEC24,46180.54,59.52,0.0,0.569,0.9885,38.4,1.0,0.078,0.5635,"[[0.9885, 1.9]]","[[0.569, 16.6]]",0.57866663,BTC-27DEC24-20000-C,0.5779,43044.55,20963011235,1706969587279,158.97496,-3.33557,36.73124,0.0,0.96127,0.0,0.0,,,,month,2024-12-27,20000,2024-12-27,0.6438356164383562,2.7206,1.30983,38214.992638370175,29901.616909458884,0.5635,26509.801969100972,38243.78054143263
135,18.0,12.0,58.27,60.79,BTC-27DEC24,46180.54,59.52,0.0,0.01,0.012,62.3,0.5105,0.0001,0.0145,"[[0.012, 12.0], [0.013, 2.1], [0.0155, 18.0]]","[[0.01, 18.0], [0.009, 18.0], [0.0075, 2.0], [0.0002, 2.0]]",0.01171742,BTC-27DEC24-20000-P,0.011,43044.55,20963046982,1706969587279,-20.60914,-3.33557,36.73124,0.0,-0.03873,0.0,0.0,,,,month,2024-12-27,20000,2024-12-27,0.6438356164383562,0.5953,1.2375316666666667,26648.878296583098,29467.662793985277,0.0145,26509.801969100972,214.8386081573927
136,13.9,1.6,52.57,500.23,BTC-27DEC24,46180.55,56.67,0.0,0.4775,0.987,42.1,0.9825,0.0001,0.463,"[[0.987, 1.6]]","[[0.4775, 13.9]]",0.48316869,BTC-27DEC24-25000-C,0.483,43044.56,20963011095,1706969589292,181.61131,-5.57513,64.48671,1e-05,0.92092,0.0,0.0,,,,month,2024-12-27,25000,2024-12-27,0.6438356164383562,2.7640000000000002,1.3113400000000002,37349.57982954911,27107.419612061254,0.463,21839.7018971016,37382.800504704865
137,64.0,1.0,54.99,57.87,BTC-27DEC24,46180.54,56.67,0.0,0.022,0.026,84.8,0.524,0.0001,0.0245,"[[0.026, 1.0], [0.0275, 17.4], [0.0295, 10.0], [0.036, 2.0], [0.0455, 1.0]]","[[0.022, 64.0], [0.02, 2.0], [0.005, 12.5]]",0.02448217,BTC-27DEC24-25000-P,0.0243,43044.56,20963045692,1706969589293,-42.86884,-5.57513,64.48673,1e-05,-0.07908,2640.25,2.5,0.0,0.0245,0.0245,month,2024-12-27,25000,2024-12-27,0.6438356164383562,0.5643,1.2388333333333332,22070.85273369307,26537.594807216406,0.0245,21839.69228717419,575.1500459726166
138,4.0,1.5,38.97,499.08,BTC-27DEC24,46180.54,56.67,0.0,0.368,0.9855,42.3,0.901,0.0001,0.3785,"[[0.9855, 1.5]]","[[0.368, 4.0]]",0.39940023,BTC-27DEC24-30000-C,0.401,43044.56,20963032579,1706969589291,189.53495,-8.49822,98.29762,1e-05,0.85809,0.0,0.0,,,,month,2024-12-27,30000,2024-12-27,0.6438356164383562,2.69025,1.3102049999999998,35929.02518112861,24667.840683847327,0.3785,17554.757942525994,35966.30415192204
139,14.0,28.0,53.74,56.6,BTC-27DEC24,46180.67,56.67,0.0,0.0445,0.0505,74.5,0.5505,0.0001,0.049,"[[0.0505, 28.0], [0.0545, 14.0], [0.075, 2.0]]","[[0.0445, 14.0], [0.044, 14.0], [0.01, 22.0], [0.005, 1000.0]]",0.0489764,BTC-27DEC24-30000-P,0.0506,43044.68,20963047555,1706969590303,-79.83784,-8.49781,98.29573,1e-05,-0.1419,5251.32,2.5,0.0,0.049,0.049,month,2024-12-27,30000,2024-12-27,0.6438356164383562,0.5517,1.2372466666666668,17898.447274169925,23978.365052353798,0.049,17554.875533190087,1341.794151920326
140,4.0,1.5,41.68,499.02,BTC-27DEC24,46180.67,56.67,0.0,0.338,0.985,14.1,0.871,0.0001,0.348,"[[0.985, 1.5]]","[[0.338, 4.0]]",0.36809464,BTC-27DEC24-32000-C,0.3715,43044.68,20963038810,1706969590300,189.8709,-9.59658,111.00535,1e-05,0.82936,0.0,0.0,,,,month,2024-12-27,32000,2024-12-27,0.6438356164383562,2.7034999999999996,1.308925,35648.55580139529,23773.27609819633,0.348,15984.876171693519,35687.24235269157
141,6.0,26.0,53.77,56.08,BTC-27DEC24,46180.67,56.67,0.0,0.0575,0.063,92.0,0.564,0.0001,0.0605,"[[0.063, 26.0], [0.0675, 5.9]]","[[0.0575, 6.0], [0.056, 12.0], [0.0555, 13.0], [0.05, 1.0]]",0.06097589,BTC-27DEC24-32000-P,0.0644,43044.68,20963046551,1706969590301,-97.46365,-9.59658,111.00535,1e-05,-0.17064,41352.81,15.9,-1.626,0.0595,0.0615,month,2024-12-27,32000,2024-12-27,0.6438356164383562,0.54925,1.30143,16376.725294723725,23698.460340790305,0.0605,15984.876171693519,1795.808104666315
142,4.0,1.5,43.43,501.44,BTC-27DEC24,46180.67,56.67,0.0,0.31,0.985,29.5,0.8435,0.0001,0.32,"[[0.985, 1.5]]","[[0.31, 4.0]]",0.33931315,BTC-27DEC24-34000-C,0.3438,43044.75,20963046009,1706969591307,188.8499,-10.61685,122.80995,1e-05,0.79919,0.0,0.0,,,,month,2024-12-27,34000,2024-12-27,0.6438356164383562,2.72435,1.3736716666666666,35441.16320608833,23612.56420293945,0.32,14507.599669221785,35481.15977111761
143,0.1,12.0,54.02,55.53,BTC-27DEC24,46180.67,56.67,0.0,0.073,0.077,133.8,0.58,0.0001,0.076,"[[0.077, 12.0], [0.082, 6.0], [0.099, 1.0]]","[[0.073, 0.1], [0.07, 14.0], [0.0695, 12.0], [0.0685, 6.0]]",0.07549948,BTC-27DEC24-34000-P,0.08,43044.75,20963047400,1706969591307,-116.44306,-10.61685,122.80995,1e-05,-0.20081,74012.88,23.0,2.0134,0.074,0.0765,month,2024-12-27,34000,2024-12-27,0.6438356164383562,0.5477500000000001,1.3007016666666666,14948.673005456942,22850.68226395792,0.076,14507.599669221785,2343.446647411943
144,4.1,12.5,44.7,60.84,BTC-27DEC24,46180.67,56.67,0.0,0.284,0.33,12.7,0.8175,0.0001,0.306,"[[0.33, 12.5], [0.9845, 1.6]]","[[0.284, 4.1]]",0.31275519,BTC-27DEC24-36000-C,0.3179,43044.75,20963045713,1706969591307,186.65472,-11.54276,133.5203,1e-05,0.768,2644.17,0.2,0.0,0.306,0.306,month,2024-12-27,36000,2024-12-27,0.6438356164383562,0.5277000000000001,1.299555,13414.286597940489,22040.993543053013,0.306,13126.912805493535,13427.316805987597
145,6.0,11.0,53.4,55.31,BTC-27DEC24,46181.01,56.66,0.0,0.088,0.0935,167.8,0.597,0.0001,0.0925,"[[0.0935, 11.0], [0.0945, 11.0], [0.0985, 5.9]]","[[0.088, 6.0], [0.0855, 12.0], [0.085, 11.0], [0.08, 1.0], [0.072, 1.0]]",0.09224659,BTC-27DEC24-36000-P,0.0974,43044.99,20963046924,1706969592315,-136.59303,-11.54246,133.51956,1e-05,-0.23199,98052.6,24.8,-1.0695,0.089,0.0935,month,2024-12-27,36000,2024-12-27,0.6438356164383562,0.5435500000000001,1.2650116666666666,13581.365659778727,21661.33088806252,0.0925,13127.185926009282,2951.300830492257
146,1.0,1.6,0.0,500.83,BTC-27DEC24,46180.75,56.66,0.0,0.029,0.984,51.0,0.7935,0.0001,0.7885,"[[0.984, 1.6]]","[[0.029, 1.0], [0.005, 1.0]]",0.28723576,BTC-27DEC24-38000-C,0.2937,43044.99,20963038934,1706969592313,183.46909,-12.36291,143.01034,1e-05,0.73617,138588.43,30.1,201.5296,0.0001,0.7885,month,2024-12-27,38000,2024-12-27,0.6438356164383562,2.50415,1.329395,33104.03131853565,21623.19289338771,0.7885,11844.597383187658,33146.94459043801
147,6.0,6.0,53.24,55.02,BTC-27DEC24,46180.75,56.66,0.0,0.106,0.1115,186.2,0.6165,0.0001,0.111,"[[0.1115, 6.0], [0.1125, 10.0], [0.117, 5.9]]","[[0.106, 6.0], [0.1015, 12.0], [0.101, 10.0], [0.0895, 111.0]]",0.11003224,BTC-27DEC24-38000-P,0.1166,43044.99,20963047540,1706969592313,-157.74069,-12.36291,143.01034,1e-05,-0.26383,114048.71,24.0,-1.7699,0.1075,0.113,month,2024-12-27,38000,2024-12-27,0.6438356164383562,0.5413,1.2561516666666666,12320.21865375528,20787.128067633486,0.111,11844.597383187658,3665.8276696437697
148,2.9,1.0,55.97,57.35,BTC-27DEC24,46180.75,56.66,0.0,0.269,0.2735,49.0,0.771,0.0001,0.268,"[[0.2735, 1.0], [0.28, 1.0], [0.287, 1.0], [0.29, 2.0], [0.2925, 1.0], [0.294, 2.0], [0.296, 2.0]]","[[0.269, 2.9], [0.263, 0.1], [0.2615, 1.0], [0.25, 2.0], [0.24, 1.0], [0.22, 1.0], [0.0005, 250.0]]",0.2643962,BTC-27DEC24-40000-C,0.2713,43044.99,20963047206,1706969592314,179.45772,-13.07201,151.21289,1e-05,0.70404,4622.2,0.4,-0.1862,0.268,0.269,month,2024-12-27,40000,2024-12-27,0.6438356164383562,0.5666,1.2556233333333333,11492.299482658866,20043.98005854494,0.268,10660.336250840686,11508.600676038024
149,6.0,9.0,53.02,54.7,BTC-27DEC24,46180.75,56.66,0.0,0.1255,0.131,476.2,0.637,0.0001,0.131,"[[0.131, 9.0], [0.1315, 6.0], [0.1325, 9.0], [0.138, 6.0]]","[[0.1255, 6.0], [0.1225, 6.0], [0.1205, 12.0], [0.005, 25.0], [0.0005, 250.0]]",0.13049777,BTC-27DEC24-40000-P,0.1374,43044.99,20963046046,1706969592313,-179.71047,-13.07201,151.21289,1e-05,-0.29596,259989.62,46.7,-1.1321,0.1275,0.1325,month,2024-12-27,40000,2024-12-27,0.6438356164383562,0.5386,1.1825866666666667,11141.422087423685,19169.44550426377,0.131,10660.336250840686,4462.266129560326
150,4.2,1.7,46.93,500.04,BTC-27DEC24,46180.75,53.77,0.0,0.217,0.983,50.1,0.7405,0.0001,0.238,"[[0.983, 1.7]]","[[0.217, 4.2]]",0.24334104,BTC-27DEC24-42000-C,0.2405,43044.99,20963045712,1706969592313,178.25859,-12.99468,158.40104,2e-05,0.6704,0.0,0.0,,,,month,2024-12-27,42000,2024-12-27,0.6438356164383562,2.7348500000000002,1.2537,34262.53003144954,19320.108011624805,0.238,9572.382980606897,34307.350480439774
151,6.0,9.0,53.06,54.51,BTC-27DEC24,46182.93,53.78,0.0,0.1475,0.1525,301.8,0.6495,0.0001,0.153,"[[0.1525, 9.0], [0.1535, 6.0], [0.1605, 6.0], [0.19, 1.0]]","[[0.1475, 6.0], [0.1405, 12.0], [0.14, 9.0], [0.1, 1.0]]",0.15274768,BTC-27DEC24-42000-P,0.15,43046.78,20963046008,1706969594329,-198.85644,-12.9952,158.40188,2e-05,-0.32957,168004.04,25.5,-1.2903,0.1515,0.155,month,2024-12-27,42000,2024-12-27,0.6438356164383562,0.5378499999999999,1.235625,10075.559249102818,19099.48589151992,0.153,9573.866611949303,5369.332461466998
152,9.0,3.4,54.24,56.5,BTC-27DEC24,46181.01,53.74,0.0,0.2225,0.2305,40.3,0.7205,0.0001,0.23,"[[0.2305, 3.4], [0.2355, 9.0]]","[[0.2225, 9.0], [0.217, 8.7]]",0.2235356,BTC-27DEC24-44000-C,0.2207,43046.78,20963047541,1706969594326,172.49243,-13.46414,164.22908,2e-05,0.63669,19774.1,2.0,0.0,0.23,0.23,month,2024-12-27,44000,2024-12-27,0.6438356164383562,0.5537000000000001,1.2334183333333333,9322.781870132854,18397.530621051737,0.23,8577.788024963804,9340.196180277477
153,1.0,8.0,53.05,54.45,BTC-27DEC24,46182.93,53.74,0.0,0.171,0.176,246.4,0.673,0.0001,0.1745,"[[0.176, 8.0], [0.177, 6.0], [0.1845, 6.0]]","[[0.171, 1.0], [0.1665, 6.0], [0.1645, 12.0]]",0.17624732,BTC-27DEC24-44000-P,0.1735,43047.94,20963046193,1706969595335,-222.58195,-13.4648,164.23087,2e-05,-0.36328,266319.89,35.0,-2.514,0.1745,0.179,month,2024-12-27,44000,2024-12-27,0.6438356164383562,0.5375,1.2148033333333332,9099.458077325045,18162.787544948136,0.1745,8579.013139545426,6368.16584199838
154,10.0,6.5,53.86,56.74,BTC-27DEC24,46184.17,53.77,0.0,0.203,0.2135,50.8,0.7025,0.0001,0.2125,"[[0.2135, 6.5], [0.218, 10.0]]","[[0.203, 10.0], [0.1995, 10.0]]",0.20523045,BTC-27DEC24-46000-C,0.2027,43047.94,20963047691,1706969595384,166.24506,-13.83631,168.67407,2e-05,0.60357,0.0,0.0,,,,month,2024-12-27,46000,2024-12-27,0.6438356164383562,0.5529999999999999,1.2121383333333333,8433.184031740242,17482.75419216838,0.2125,7673.979175778681,8451.044618099877
155,6.0,7.0,53.17,54.4,BTC-27DEC24,46184.17,53.77,0.0,0.1965,0.201,271.9,0.6985,0.0001,0.2035,"[[0.201, 7.0], [0.2025, 6.0], [0.2105, 6.0]]","[[0.1965, 6.0], [0.1905, 6.0]]",0.20124725,BTC-27DEC24-46000-P,0.1987,43047.94,20963047653,1706969595336,-246.79836,-13.83631,168.67407,2e-05,-0.39643,226765.06,26.0,-0.7317,0.201,0.2055,month,2024-12-27,46000,2024-12-27,0.6438356164383562,0.5378499999999999,1.1597166666666667,8216.504273274571,16796.624506905748,0.2035,7673.979175778681,7458.743069150004
156,10.0,10.0,54.72,56.61,BTC-27DEC24,46184.53,54.03,0.0,0.1895,0.1965,207.2,0.6865,0.0001,0.2005,"[[0.1965, 10.0], [0.4, 2.0]]","[[0.1895, 10.0], [0.1845, 9.9], [0.167, 1.0], [0.0005, 250.0]]",0.18892972,BTC-27DEC24-48000-C,0.1869,43048.27,20963046871,1706969596341,159.56238,-14.15767,171.76619,2e-05,0.57169,52234.27,6.0,0.0,0.2005,0.2005,month,2024-12-27,48000,2024-12-27,0.6438356164383562,0.55665,1.15653,7680.564605369742,16123.949361278628,0.2005,6852.61074230522,7698.826807926101
157,6.0,6.0,53.29,54.77,BTC-27DEC24,46184.17,54.03,0.0,0.2235,0.229,290.1,0.726,0.0001,0.23,"[[0.229, 6.0], [0.2305, 7.0], [0.2385, 6.0]]","[[0.2235, 6.0], [0.217, 13.0], [0.215, 7.0], [0.0005, 250.0]]",0.22825159,BTC-27DEC24-48000-P,0.2263,43048.27,20963047405,1706969596342,-271.44192,-14.1576,171.76532,2e-05,-0.42832,237851.51,24.1,-0.8621,0.227,0.2325,month,2024-12-27,48000,2024-12-27,0.6438356164383562,0.5403,1.17454,7441.782388956719,16365.386423071703,0.23,6852.411187363687,8658.678941652226
158,10.0,5.0,55.35,56.81,BTC-27DEC24,46184.17,54.1,0.0,0.1765,0.182,96.8,0.6715,0.0001,0.181,"[[0.182, 5.0], [0.185, 20.0], [0.21, 2.0], [0.23, 2.0], [0.3, 1.0]]","[[0.1765, 10.0], [0.17, 13.0], [0.1695, 1.0], [0.166, 2.0], [0.1495, 1.0], [0.141, 1.0], [0.14, 1.0], [0.005, 100.0]]",0.18200216,BTC-27DEC24-50000-C,0.1718,43048.27,20963047549,1706969596341,152.85671,-14.33687,173.69414,2e-05,0.54042,38814.39,5.0,0.0,0.181,0.181,month,2024-12-27,50000,2024-12-27,0.6438356164383562,0.5608,1.1709349999999998,7007.184625034268,15721.002860250106,0.181,6109.812694599736,7025.712120414642
159,6.0,6.0,53.45,54.78,BTC-27DEC24,46184.17,54.1,0.0,0.252,0.257,220.2,0.754,0.0001,0.2565,"[[0.257, 6.0], [0.2575, 6.0], [0.268, 6.0]]","[[0.252, 6.0], [0.2445, 6.0], [0.243, 6.0], [0.105, 1.0], [0.1, 1.0]]",0.26462911,BTC-27DEC24-50000-P,0.2545,43048.27,20963046548,1706969596341,-296.10353,-14.33687,173.69414,2e-05,-0.45958,288219.47,26.0,-2.0992,0.256,0.2635,month,2024-12-27,50000,2024-12-27,0.6438356164383562,0.54115,1.1889733333333332,6717.404930395838,15966.866307288854,0.2565,6109.812694599736,9908.752648655494
160,10.0,10.0,55.11,57.1,BTC-27DEC24,46184.17,56.11,0.0,0.1615,0.169,117.9,0.665,0.0001,0.1715,"[[0.169, 10.0], [0.1735, 10.0]]","[[0.1615, 10.0], [0.1565, 9.8]]",0.1685019,BTC-27DEC24-52000-C,0.1653,43048.27,20963045092,1706969596341,145.88788,-14.93255,174.43124,2e-05,0.51707,167947.11,22.8,2.0833,0.168,0.1715,month,2024-12-27,52000,2024-12-27,0.6438356164383562,0.56105,1.1244,6342.519078093519,14505.84359476107,0.1715,5440.642721105429,6361.055518888007
161,5.0,0.9,54.6,499.98,BTC-27DEC24,46184.17,56.11,0.0,0.2855,1.107,173.5,0.791,0.0001,0.2865,"[[1.107, 0.9]]","[[0.2855, 5.0]]",0.29443394,BTC-27DEC24-52000-P,0.2912,43048.27,20963046870,1706969596342,-321.03077,-14.93255,174.43124,2e-05,-0.48293,302748.22,24.5,-2.0513,0.2845,0.2925,month,2024-12-27,52000,2024-12-27,0.6438356164383562,2.7729000000000004,1.1925083333333333,33243.74055628807,15452.563002051344,0.2865,5440.642721105429,38441.15989463245
162,11.0,11.0,55.38,57.49,BTC-27DEC24,46184.17,56.44,0.0,0.1495,0.1575,112.8,0.6535,0.0001,0.157,"[[0.1575, 11.0], [0.1615, 11.0]]","[[0.1495, 11.0], [0.145, 7.9]]",0.15675172,BTC-27DEC24-54000-C,0.1535,43048.27,20963047407,1706969596340,139.56053,-15.02878,174.53694,2e-05,0.49006,202418.01,29.8,1.6181,0.1545,0.16,month,2024-12-27,54000,2024-12-27,0.6438356164383562,0.56435,1.1280633333333332,5783.298850359159,14009.17424532367,0.157,4839.279069625169,5801.817847853366
163,5.0,0.8,54.65,500.2,BTC-27DEC24,46184.17,56.44,0.0,0.316,1.15,214.4,0.8225,0.0001,0.317,"[[1.15, 0.8]]","[[0.316, 5.0], [0.19, 5.1]]",0.32598883,BTC-27DEC24-54000-P,0.3228,43048.27,20963046577,1706969596340,-345.31652,-15.02878,174.53694,2e-05,-0.50994,616951.2,45.0,-1.5528,0.3155,0.325,month,2024-12-27,54000,2024-12-27,0.6438356164383562,2.7742500000000003,1.1986366666666666,33015.7682840415,15002.601443433019,0.317,4839.279069625169,40188.3808542989
164,11.0,11.0,56.06,57.52,BTC-27DEC24,46184.53,56.8,0.0,0.146,0.1515,142.3,0.6485,0.0001,0.1505,"[[0.1515, 11.0], [0.154, 22.0], [0.3, 1.0], [0.327, 2.0], [0.3415, 1.0], [0.3735, 1.0]]","[[0.146, 11.0], [0.1445, 11.0], [0.14, 10.9], [0.134, 8.0], [0.121, 3.0], [0.12, 2.0]]",0.14925071,BTC-27DEC24-55000-C,0.1488,43048.15,20963047548,1706969600368,136.48381,-15.10496,174.32398,2e-05,0.47788,48405.26,7.5,0.0,0.1505,0.1505,month,2024-12-27,55000,2024-12-27,0.6438356164383562,0.5679000000000001,1.12688,5552.636699873439,13728.73741776623,0.1505,4562.430600052925,5571.172023947256
165,5.0,0.8,54.64,500.32,BTC-27DEC24,46184.53,56.8,0.0,0.3315,1.1715,235.4,0.8395,0.0001,0.333,"[[1.1715, 0.8]]","[[0.3315, 5.0], [0.15, 1.0]]",0.34014036,BTC-27DEC24-55000-P,0.3396,43048.15,20963046320,1706969600369,-357.37245,-15.10496,174.32398,2e-05,-0.52212,669864.84,46.6,-1.3333,0.331,0.3405,month,2024-12-27,55000,2024-12-27,0.6438356164383562,2.7748000000000004,1.19953,32903.643673433,14757.53383608283,0.333,4562.430600052925,41063.48176681963
166,11.0,11.0,55.63,57.62,BTC-27DEC24,46184.53,56.63,0.0,0.1385,0.146,166.5,0.642,0.0001,0.146,"[[0.146, 11.0], [0.15, 11.0]]","[[0.1385, 11.0], [0.134, 10.9]]",0.14400012,BTC-27DEC24-56000-C,0.1423,43048.15,20963046732,1706969600368,133.34676,-15.02095,173.87366,2e-05,0.46381,137717.07,22.0,1.3889,0.144,0.146,month,2024-12-27,56000,2024-12-27,0.6438356164383562,0.56625,1.1262716666666668,5258.736830481883,13462.614541475183,0.146,4300.298673541416,5277.088540185815
167,5.0,0.8,54.69,500.41,BTC-27DEC24,46184.53,56.63,0.0,0.3475,1.193,239.6,0.8545,0.0001,0.349,"[[1.193, 0.8]]","[[0.3475, 5.0]]",0.35654231,BTC-27DEC24-56000-P,0.3548,43048.15,20963047542,1706969600368,-369.48871,-15.02095,173.87366,2e-05,-0.53619,542269.28,35.9,-1.4124,0.3475,0.357,month,2024-12-27,56000,2024-12-27,0.6438356164383562,2.7755,1.1999783333333336,32794.18449492612,14512.11322776322,0.349,4300.298673541416,41941.59961294326
168,11.0,17.0,56.43,57.9,BTC-27DEC24,46184.53,57.17,0.0,0.1305,0.136,123.5,0.633,0.0001,0.135,"[[0.136, 17.0], [0.1385, 11.0], [0.76, 2.0]]","[[0.1305, 11.0], [0.1295, 12.0], [0.1255, 6.0]]",0.13575119,BTC-27DEC24-58000-C,0.1333,43048.15,20963047773,1706969600368,127.42109,-15.05773,172.64847,2e-05,0.44052,116297.2,20.0,-0.369,0.135,0.136,month,2024-12-27,58000,2024-12-27,0.6438356164383562,0.57165,1.1293583333333335,4834.561796118529,13010.991227172102,0.135,3817.989276523622,4852.782406140746
169,5.0,0.7,54.86,500.55,BTC-27DEC24,46184.53,57.17,0.0,0.3805,1.236,20.1,0.889,0.0001,0.3835,"[[1.236, 0.7]]","[[0.3805, 5.0], [0.0001, 1.0]]",0.39159846,BTC-27DEC24-58000-P,0.3891,43048.15,20963046288,1706969600369,-393.37279,-15.05773,172.64847,2e-05,-0.55948,333294.49,20.1,-1.287,0.3825,0.3885,month,2024-12-27,58000,2024-12-27,0.6438356164383562,2.77705,1.2035366666666667,32581.482844224727,14076.874635820164,0.3835,3817.989276523622,43704.029345208066
170,4.0,6.0,57.01,58.23,BTC-27DEC24,46184.53,57.62,0.0,0.1225,0.127,113.8,0.6245,0.0001,0.126,"[[0.127, 6.0], [0.129, 11.0], [0.131, 22.0], [0.15, 2.0], [0.155, 1.0], [0.16, 1.0], [0.165, 1.0], [0.185, 2.0]]","[[0.1225, 4.0], [0.1215, 11.0], [0.1205, 6.0], [0.1185, 0.2], [0.11, 1.0], [0.1, 3.0]]",0.12675046,BTC-27DEC24-60000-C,0.1247,43048.15,20963047657,1706969600368,121.72075,-15.0234,170.91482,2e-05,0.41826,96072.55,17.8,1.2048,0.1245,0.1265,month,2024-12-27,60000,2024-12-27,0.6438356164383562,0.5761999999999999,1.1326266666666667,4442.186113631567,12586.354615711929,0.126,3387.3297175652824,4460.1797861474615
171,3.2,0.6,49.57,500.66,BTC-27DEC24,46184.53,57.62,0.0,0.3945,1.279,65.7,0.9235,0.0001,0.45,"[[1.279, 0.6]]","[[0.3945, 3.2]]",0.4259028,BTC-27DEC24-60000-P,0.4239,43048.15,20963046238,1706969600369,-417.03153,-15.0234,170.91482,2e-05,-0.58174,0.0,0.0,,,,month,2024-12-27,60000,2024-12-27,0.6438356164383562,2.75115,1.2060233333333334,32128.20446974004,13649.053957874998,0.45,3387.3297175652824,45225.97601414531
172,3.0,6.0,58.01,58.99,BTC-27DEC24,46184.53,58.5,0.0,0.104,0.1075,99.7,0.6055,0.0001,0.1055,"[[0.1075, 6.0], [0.1095, 12.0], [0.11, 6.0], [0.111, 12.0], [0.14, 1.0]]","[[0.104, 3.0], [0.1015, 24.0], [0.101, 12.0], [0.1005, 0.2], [0.08, 1.0], [0.079, 1.0]]",0.10649974,BTC-27DEC24-65000-C,0.1058,43048.15,20963047656,1706969600370,108.41488,-14.7104,164.82579,1e-05,0.36719,97673.29,21.5,0.0,0.1055,0.107,month,2024-12-27,65000,2024-12-27,0.6438356164383562,0.585,1.1347116666666668,3591.0617591301343,11531.66993959161,0.1055,2505.299180765289,3608.17626129733
173,3.1,0.6,49.67,500.82,BTC-27DEC24,46184.53,58.5,0.0,0.4825,1.3865,92.2,1.013,0.0135,0.504,"[[1.3865, 0.6]]","[[0.4825, 3.1]]",0.51391478,BTC-27DEC24-65000-P,0.5132,43048.15,20963046286,1706969600368,-475.23343,-14.7104,164.82579,1e-05,-0.63281,596405.34,27.4,-1.2733,0.502,0.5105,month,2024-12-27,65000,2024-12-27,0.6438356164383562,2.75245,1.2082016666666666,31605.035892552252,12610.23945405575,0.504,2505.299180765289,49640.46492658854
174,1.6,4.0,58.79,59.82,BTC-27DEC24,46184.53,59.3,0.0,0.0885,0.092,204.9,0.59,0.0001,0.0915,"[[0.092, 4.0], [0.094, 19.0], [0.0965, 9.0], [0.113, 1.0], [0.114, 1.0], [0.1145, 1.0], [0.115, 1.0], [0.1155, 2.0]]","[[0.0885, 1.6], [0.0855, 52.0], [0.085, 12.0], [0.07, 1.0], [0.0695, 1.0], [0.06, 1.0]]",0.09200089,BTC-27DEC24-70000-C,0.0902,43048.15,20963047408,1706969600369,96.55942,-14.21513,157.12945,1e-05,0.32308,402556.07,102.3,1.105,0.0905,0.0925,month,2024-12-27,70000,2024-12-27,0.6438356164383562,0.59305,1.2103800000000002,2923.1631454795697,11683.674231580857,0.0915,1848.708847224274,2939.183096088823
175,3.0,0.5,49.95,499.06,BTC-27DEC24,46184.53,59.3,0.0,0.5755,1.4935,86.6,1.1055,0.106,0.603,"[[1.4935, 0.5]]","[[0.5755, 3.0]]",0.60767863,BTC-27DEC24-70000-P,0.6059,43048.15,20963047814,1706969600417,-531.98491,-14.21513,157.12945,1e-05,-0.67692,431367.58,16.7,0.0,0.603,0.603,month,2024-12-27,70000,2024-12-27,0.6438356164383562,2.74505,1.2837633333333334,31029.79734438008,12763.309488328037,0.603,1848.708847224274,54002.772444373346
176,13.0,6.0,58.79,60.66,BTC-27DEC24,46184.53,59.72,0.0,0.0735,0.0795,61.2,0.576,0.0001,0.08,"[[0.0795, 6.0], [0.0805, 6.0], [0.081, 13.0]]","[[0.0735, 13.0], [0.0725, 6.0], [0.0695, 6.0], [0.065, 1.0], [0.064, 6.0]]",0.07774599,BTC-27DEC24-75000-C,0.0765,43048.15,20963047316,1706969600368,85.66907,-13.49392,148.09728,1e-05,0.28307,0.0,0.0,,,,month,2024-12-27,75000,2024-12-27,0.6438356164383562,0.59725,1.2202,2359.8541693755296,10967.164505319768,0.08,1362.7362495239686,2374.533591968555
177,2.5,0.5,49.58,499.03,BTC-27DEC24,46184.53,59.72,0.0,0.67,1.601,146.9,1.2,0.2005,0.688,"[[1.601, 0.5]]","[[0.67, 2.5]]",0.70168642,BTC-27DEC24-75000-P,0.7004,43048.15,20963047815,1706969600418,-587.77129,-13.49392,148.09728,1e-05,-0.71693,1248488.06,41.9,-1.4327,0.688,0.699,month,2024-12-27,75000,2024-12-27,0.6438356164383562,2.74305,1.293591666666667,30532.067157302794,12051.337923455698,0.688,1362.7362495239686,58442.435047279556
178,3.0,6.0,61.06,61.39,BTC-27DEC24,46184.53,61.23,0.0,0.068,0.069,67.8,0.5685,0.0001,0.0625,"[[0.069, 6.0], [0.0705, 14.0], [0.0715, 1.0], [0.08, 2.0]]","[[0.068, 3.0], [0.0655, 0.1], [0.0615, 14.0]]",0.06699587,BTC-27DEC24-80000-C,0.0685,43048.15,20963044091,1706969600369,77.61554,-13.14527,140.72228,1e-05,0.25567,0.0,0.0,,,,month,2024-12-27,80000,2024-12-27,0.6438356164383562,0.61225,1.2951133333333336,2027.6541658642982,11296.602257151451,0.0625,1004.3975870106224,2041.5088466177033
179,2.5,1.0,48.99,130.0,BTC-27DEC24,46184.4,61.23,0.0,0.767,1.05,72.4,1.3005,0.301,0.8005,"[[1.05, 1.0], [1.069, 0.2]]","[[0.767, 2.5]]",0.799199,BTC-27DEC24-80000-P,0.8007,43048.77,20963047652,1706969605406,-640.72382,-13.14455,140.71838,1e-05,-0.74434,656169.13,19.2,0.3133,0.798,0.8005,month,2024-12-27,80000,2024-12-27,0.6438356164383562,0.89495,1.3069916666666666,5508.937401688625,11472.140381829513,0.8005,1004.3809679566766,38323.35241544311
180,4.0,6.0,62.39,62.95,BTC-27DEC24,46184.4,62.67,0.0,0.052,0.0535,84.4,0.5525,0.0001,0.0525,"[[0.0535, 6.0], [0.0545, 21.0], [0.055, 6.0]]","[[0.052, 4.0], [0.05, 2.0], [0.0485, 6.0], [0.048, 6.0]]",0.05225055,BTC-27DEC24-90000-C,0.0528,43048.77,20963047856,1706969605410,62.83441,-11.86361,124.07958,1e-05,0.20427,91372.59,40.4,0.9615,0.052,0.0525,month,2024-12-27,90000,2024-12-27,0.6438356164383562,0.6267,1.2367199999999998,1431.4039261368007,9087.068777017084,0.0525,546.984831003454,1443.0689354050726
181,1.0,1.0,0.0,133.29,BTC-27DEC24,46184.4,62.67,0.0,0.15,1.25,174.2,1.501,0.5015,0.9775,"[[1.25, 1.0], [1.272, 0.2]]","[[0.15, 1.0]]",1.00097907,BTC-27DEC24-90000-P,1.0015,43048.77,20963047406,1706969605408,-745.29402,-11.86361,124.07958,1e-05,-0.79573,1093252.2,25.7,-2.2011,0.9775,0.9995,month,2024-12-27,90000,2024-12-27,0.6438356164383562,0.66645,1.2410066666666668,1787.0798330768184,9149.62511716101,0.9775,546.984831003454,44459.94735356368
182,2.0,0.3,63.31,63.53,BTC-27DEC24,46184.4,63.42,0.0,0.04,0.0405,52.6,0.54,0.0001,0.0405,"[[0.0405, 0.3], [0.042, 1.0], [0.0435, 8.0], [0.05, 10.0], [0.088, 2.0], [0.0885, 2.0], [0.1, 10.0], [0.145, 2.0]]","[[0.04, 2.0], [0.038, 2.0], [0.0375, 18.0], [0.034, 1.0], [0.0325, 3.0], [0.032, 1.0], [0.01, 1.0]]",0.0402503,BTC-27DEC24-100000-C,0.0403,43048.77,20963047781,1706969605406,50.62018,-10.39975,107.48543,1e-05,0.16232,1050.34,0.6,0.0,0.0405,0.0405,month,2024-12-27,100000,2024-12-27,0.6438356164383562,0.6342,1.2436900000000002,1000.0320700980592,8067.653288503354,0.0405,299.8778847901924,1009.529326728724
183,0.0,1.0,0.0,148.79,BTC-27DEC24,46184.4,63.42,0.0,0.0,1.5,229.4,1.705,0.7055,1.1795,"[[1.5, 1.0], [1.525, 0.3]]",[],1.20550421,BTC-27DEC24-100000-P,1.2055,43048.77,20963047693,1706969605406,-847.30029,-10.39975,107.48543,1e-05,-0.83768,1518483.84,29.6,-1.8719,1.1795,1.202,month,2024-12-27,100000,2024-12-27,0.6438356164383562,0.74395,1.2505716666666666,1886.2431549174935,8166.041586166391,1.1795,299.8778847901924,54431.90247919049
184,3.0,0.2,64.24,64.74,BTC-27DEC24,46184.4,64.49,0.0,0.0315,0.0325,42.1,0.5315,0.0001,0.03,"[[0.0325, 0.2], [0.05, 3.0], [0.07, 3.0]]","[[0.0315, 3.0], [0.03, 2.7], [0.0275, 16.0], [0.005, 25.0]]",0.03072684,BTC-27DEC24-110000-C,0.032,43048.77,20963047557,1706969605406,41.68464,-9.23003,93.81436,1e-05,0.13252,0.0,0.0,,,,month,2024-12-27,110000,2024-12-27,0.6438356164383562,0.6448999999999999,1.253635,733.7545297246002,7264.021368120784,0.03,165.9285955555515,741.6188879028578
185,0.0,0.0,0.0,0.0,BTC-27DEC24,46185.06,64.49,0.0,0.0,0.0,25.0,1.9135,0.914,1.312,[],[],1.41250615,BTC-27DEC24-110000-P,1.4138,43048.96,20933634416,1706969607420,-946.02613,-9.23031,93.81755,1e-05,-0.86748,0.0,0.0,,,,month,2024-12-27,110000,2024-12-27,0.6438356164383562,0.0,1.2357066666666667,0.0,7015.545783509226,1.312,165.9462689946131,62401.63204219086
186,16.0,0.1,63.81,65.54,BTC-27DEC24,46185.06,64.68,0.0,0.023,0.026,43.0,0.524,0.0001,0.0225,"[[0.026, 0.1], [0.03, 16.0], [0.0375, 2.0], [0.04, 2.0], [0.056, 1.0], [0.06, 1.0]]","[[0.023, 16.0], [0.021, 16.0], [0.02, 1.0]]",0.02421801,BTC-27DEC24-120000-C,0.0245,43048.96,20963046675,1706969607420,33.54356,-7.87169,79.77856,1e-05,0.10536,0.0,0.0,,,,month,2024-12-27,120000,2024-12-27,0.6438356164383562,0.6467500000000002,1.23871,514.0462871184959,6261.465754360412,0.0225,92.81142425380779,520.2513888796681
187,0.0,0.0,0.0,0.0,BTC-27DEC24,46185.06,64.68,0.0,0.0,0.0,0.0,2.1225,1.123,1.6088,[],[],1.62252271,BTC-27DEC24-120000-P,1.6228,43048.96,20961388490,1706969607422,-1043.961,-7.87169,79.77856,1e-05,-0.89464,3482680.18,50.0,-0.2233,1.6088,1.6124,month,2024-12-27,120000,2024-12-27,0.6438356164383562,0.0,1.2207000000000001,0.0,6022.081475351157,1.6088,92.81142425380779,72273.14950057185
188,17.0,0.1,63.86,66.23,BTC-27DEC24,46185.26,65.05,0.0,0.0175,0.021,26.1,0.519,0.0001,0.0185,"[[0.021, 0.1], [0.0215, 2.0], [0.0225, 2.0], [0.025, 2.0]]","[[0.0175, 17.0], [0.0165, 17.0]]",0.01998682,BTC-27DEC24-130000-C,0.0192,43048.71,20963047660,1706969608428,27.37576,-6.77116,68.23377,1e-05,0.08522,0.0,0.0,,,,month,2024-12-27,130000,2024-12-27,0.6438356164383562,0.65045,1.2236883333333333,371.35914080074167,5390.810898183855,0.0185,52.51118039066523,376.31383008464366
189,0.0,0.0,0.0,0.0,BTC-27DEC24,46185.0,65.05,0.0,0.0,0.0,0.0,2.3335,1.334,1.8219,[],[],1.8348169,BTC-27DEC24-130000-P,1.834,43048.71,20961388487,1706969608429,-1139.92144,-6.77103,68.23253,1e-05,-0.91478,3939045.49,50.0,0.0275,1.8214,1.8219,month,2024-12-27,130000,2024-12-27,0.6438356164383562,0.0,1.2056499999999999,0.0,5162.922951529283,1.8219,52.50871864925142,82144.72695895283
